Workbook

Sheet correlation
A1: ref_name | B1: Use | D1: codec | E1: Use
A2: Buildings2.mp4 | B2: 1 | D2: AVS | E2: 1
A3: Chimera13_1000nit.mp4 | B3: 1 | D3: DCVC-RT | E3: 1
A4: Chimera2_1000nit.mp4 | B4: 1 | D4: EEM | E4: 1
A5: Chimera3_1000nit.mp4 | B5: 1 | D5: LTM | E5: 1
A6: Chimera4_1000nit.mp4 | B6: 1 | D6: NNVC | E6: 1
A7: Coffee1.mp4 | B7: 1 | D7: VTM | E7: 1
A8: DroneShowEnding.mp4 | B8: 1 | D8: AlphaVC-P | E8: 1
A9: FlyingBirds.mp4 | B9: 1
A10: Football1_1000nit.mp4 | B10: 1
A11: Fountain2.mp4 | B11: 1
A12: Nocturne1_1000nit.mp4 | B12: 1
A13: Smithy1_1000nit.mp4 | B13: 1
A14: Sparks2_1000nit.mp4 | B14: 1
A15: Sparks3_1000nit.mp4 | B15: 1
A16: TeaStall.mp4 | B16: 1
A18: Statistics | B18: Value
A19: # videos | B19: 305
A20: # metrics | B20: 6
A21: # rows with MOS | B21: =COUNT(mos_metrics!$F$2:$F$306)
A22: # rows included by controls | B22: =SUMPRODUCT(--(calc!$J$3:$J$306=TRUE))
A23: # source metric columns | B23: 6
A25: Metric | B25: PLCC | C25: SROCC | D25: KROCC | E25: RMSE | F25: Slope | G25: Intercept | H25: Nonblank source | I25: Use | J25: Direction | K25: N
A26: =mos_metrics!G$1 | B26: =IF($K26>=2,IFERROR(CORREL(calc!$M$3:$M$306,calc!$O$3:$O$306),""),"") | C26: =IF($K26>=2,IFERROR(CORREL(calc!$Q$3:$Q$306,calc!$R$3:$R$306),""),"") | D26: =IF($K26>=2,IFERROR(SUM(calc!$S$3:$S$306)/SQRT((($K26*($K26-1)/2)-(SUMPRODUCT(--(calc!$L$3:$L$306=TRUE),COUNTIF(calc!$Q$3:$Q$306,calc!$Q$3:$Q$306)-1)/2))*(($K26*($K26-1)/2)-(SUMPRODUCT(--(calc!$L$3:$L$306=TRUE),COUNTIF(calc!$R$3:$R$306,calc!$R$3:$R$306)-1)/2))),""),"") | E26: =IF($K26>=2,IFERROR(SQRT(SUM(calc!$P$3:$P$306)/$K26),""),"") | F26: =IF($K26>=2,IFERROR(SLOPE(calc!$M$3:$M$306,calc!$N$3:$N$306),""),"") | G26: =IF($K26>=2,IFERROR(INTERCEPT(calc!$M$3:$M$306,calc!$N$3:$N$306),""),"") | H26: =COUNT(mos_metrics!G$2:G$306) | I26: =IF($A26<>"",1,"") | J26: =IF($A26="DeltaE",-1,1) | K26: =SUMPRODUCT(--(calc!$L$3:$L$306=TRUE))
A27: =mos_metrics!H$1 | B27: =IF($K27>=2,IFERROR(CORREL(calc!$V$3:$V$306,calc!$X$3:$X$306),""),"") | C27: =IF($K27>=2,IFERROR(CORREL(calc!$Z$3:$Z$306,calc!$AA$3:$AA$306),""),"") | D27: =IF($K27>=2,IFERROR(SUM(calc!$AB$3:$AB$306)/SQRT((($K27*($K27-1)/2)-(SUMPRODUCT(--(calc!$U$3:$U$306=TRUE),COUNTIF(calc!$Z$3:$Z$306,calc!$Z$3:$Z$306)-1)/2))*(($K27*($K27-1)/2)-(SUMPRODUCT(--(calc!$U$3:$U$306=TRUE),COUNTIF(calc!$AA$3:$AA$306,calc!$AA$3:$AA$306)-1)/2))),""),"") | E27: =IF($K27>=2,IFERROR(SQRT(SUM(calc!$Y$3:$Y$306)/$K27),""),"") | F27: =IF($K27>=2,IFERROR(SLOPE(calc!$V$3:$V$306,calc!$W$3:$W$306),""),"") | G27: =IF($K27>=2,IFERROR(INTERCEPT(calc!$V$3:$V$306,calc!$W$3:$W$306),""),"") | H27: =COUNT(mos_metrics!H$2:H$306) | I27: =IF($A27<>"",1,"") | J27: =IF($A27="DeltaE",-1,1) | K27: =SUMPRODUCT(--(calc!$U$3:$U$306=TRUE))
A28: =mos_metrics!I$1 | B28: =IF($K28>=2,IFERROR(CORREL(calc!$AE$3:$AE$306,calc!$AG$3:$AG$306),""),"") | C28: =IF($K28>=2,IFERROR(CORREL(calc!$AI$3:$AI$306,calc!$AJ$3:$AJ$306),""),"") | D28: =IF($K28>=2,IFERROR(SUM(calc!$AK$3:$AK$306)/SQRT((($K28*($K28-1)/2)-(SUMPRODUCT(--(calc!$AD$3:$AD$306=TRUE),COUNTIF(calc!$AI$3:$AI$306,calc!$AI$3:$AI$306)-1)/2))*(($K28*($K28-1)/2)-(SUMPRODUCT(--(calc!$AD$3:$AD$306=TRUE),COUNTIF(calc!$AJ$3:$AJ$306,calc!$AJ$3:$AJ$306)-1)/2))),""),"") | E28: =IF($K28>=2,IFERROR(SQRT(SUM(calc!$AH$3:$AH$306)/$K28),""),"") | F28: =IF($K28>=2,IFERROR(SLOPE(calc!$AE$3:$AE$306,calc!$AF$3:$AF$306),""),"") | G28: =IF($K28>=2,IFERROR(INTERCEPT(calc!$AE$3:$AE$306,calc!$AF$3:$AF$306),""),"") | H28: =COUNT(mos_metrics!I$2:I$306) | I28: =IF($A28<>"",1,"") | J28: =IF($A28="DeltaE",-1,1) | K28: =SUMPRODUCT(--(calc!$AD$3:$AD$306=TRUE))
A29: =mos_metrics!J$1 | B29: =IF($K29>=2,IFERROR(CORREL(calc!$AN$3:$AN$306,calc!$AP$3:$AP$306),""),"") | C29: =IF($K29>=2,IFERROR(CORREL(calc!$AR$3:$AR$306,calc!$AS$3:$AS$306),""),"") | D29: =IF($K29>=2,IFERROR(SUM(calc!$AT$3:$AT$306)/SQRT((($K29*($K29-1)/2)-(SUMPRODUCT(--(calc!$AM$3:$AM$306=TRUE),COUNTIF(calc!$AR$3:$AR$306,calc!$AR$3:$AR$306)-1)/2))*(($K29*($K29-1)/2)-(SUMPRODUCT(--(calc!$AM$3:$AM$306=TRUE),COUNTIF(calc!$AS$3:$AS$306,calc!$AS$3:$AS$306)-1)/2))),""),"") | E29: =IF($K29>=2,IFERROR(SQRT(SUM(calc!$AQ$3:$AQ$306)/$K29),""),"") | F29: =IF($K29>=2,IFERROR(SLOPE(calc!$AN$3:$AN$306,calc!$AO$3:$AO$306),""),"") | G29: =IF($K29>=2,IFERROR(INTERCEPT(calc!$AN$3:$AN$306,calc!$AO$3:$AO$306),""),"") | H29: =COUNT(mos_metrics!J$2:J$306) | I29: =IF($A29<>"",1,"") | J29: =IF($A29="DeltaE",-1,1) | K29: =SUMPRODUCT(--(calc!$AM$3:$AM$306=TRUE))
A30: =mos_metrics!K$1 | B30: =IF($K30>=2,IFERROR(CORREL(calc!$AW$3:$AW$306,calc!$AY$3:$AY$306),""),"") | C30: =IF($K30>=2,IFERROR(CORREL(calc!$BA$3:$BA$306,calc!$BB$3:$BB$306),""),"") | D30: =IF($K30>=2,IFERROR(SUM(calc!$BC$3:$BC$306)/SQRT((($K30*($K30-1)/2)-(SUMPRODUCT(--(calc!$AV$3:$AV$306=TRUE),COUNTIF(calc!$BA$3:$BA$306,calc!$BA$3:$BA$306)-1)/2))*(($K30*($K30-1)/2)-(SUMPRODUCT(--(calc!$AV$3:$AV$306=TRUE),COUNTIF(calc!$BB$3:$BB$306,calc!$BB$3:$BB$306)-1)/2))),""),"") | E30: =IF($K30>=2,IFERROR(SQRT(SUM(calc!$AZ$3:$AZ$306)/$K30),""),"") | F30: =IF($K30>=2,IFERROR(SLOPE(calc!$AW$3:$AW$306,calc!$AX$3:$AX$306),""),"") | G30: =IF($K30>=2,IFERROR(INTERCEPT(calc!$AW$3:$AW$306,calc!$AX$3:$AX$306),""),"") | H30: =COUNT(mos_metrics!K$2:K$306) | I30: =IF($A30<>"",1,"") | J30: =IF($A30="DeltaE",-1,1) | K30: =SUMPRODUCT(--(calc!$AV$3:$AV$306=TRUE))
A31: =mos_metrics!L$1 | B31: =IF($K31>=2,IFERROR(CORREL(calc!$BF$3:$BF$306,calc!$BH$3:$BH$306),""),"") | C31: =IF($K31>=2,IFERROR(CORREL(calc!$BJ$3:$BJ$306,calc!$BK$3:$BK$306),""),"") | D31: =IF($K31>=2,IFERROR(SUM(calc!$BL$3:$BL$306)/SQRT((($K31*($K31-1)/2)-(SUMPRODUCT(--(calc!$BE$3:$BE$306=TRUE),COUNTIF(calc!$BJ$3:$BJ$306,calc!$BJ$3:$BJ$306)-1)/2))*(($K31*($K31-1)/2)-(SUMPRODUCT(--(calc!$BE$3:$BE$306=TRUE),COUNTIF(calc!$BK$3:$BK$306,calc!$BK$3:$BK$306)-1)/2))),""),"") | E31: =IF($K31>=2,IFERROR(SQRT(SUM(calc!$BI$3:$BI$306)/$K31),""),"") | F31: =IF($K31>=2,IFERROR(SLOPE(calc!$BF$3:$BF$306,calc!$BG$3:$BG$306),""),"") | G31: =IF($K31>=2,IFERROR(INTERCEPT(calc!$BF$3:$BF$306,calc!$BG$3:$BG$306),""),"") | H31: =COUNT(mos_metrics!L$2:L$306) | I31: =IF($A31<>"",1,"") | J31: =IF($A31="DeltaE",-1,1) | K31: =SUMPRODUCT(--(calc!$BE$3:$BE$306=TRUE))
A32: =mos_metrics!M$1 | B32: =IF($K32>=2,IFERROR(CORREL(calc!$BO$3:$BO$306,calc!$BQ$3:$BQ$306),""),"") | C32: =IF($K32>=2,IFERROR(CORREL(calc!$BS$3:$BS$306,calc!$BT$3:$BT$306),""),"") | D32: =IF($K32>=2,IFERROR(SUM(calc!$BU$3:$BU$306)/SQRT((($K32*($K32-1)/2)-(SUMPRODUCT(--(calc!$BN$3:$BN$306=TRUE),COUNTIF(calc!$BS$3:$BS$306,calc!$BS$3:$BS$306)-1)/2))*(($K32*($K32-1)/2)-(SUMPRODUCT(--(calc!$BN$3:$BN$306=TRUE),COUNTIF(calc!$BT$3:$BT$306,calc!$BT$3:$BT$306)-1)/2))),""),"") | E32: =IF($K32>=2,IFERROR(SQRT(SUM(calc!$BR$3:$BR$306)/$K32),""),"") | F32: =IF($K32>=2,IFERROR(SLOPE(calc!$BO$3:$BO$306,calc!$BP$3:$BP$306),""),"") | G32: =IF($K32>=2,IFERROR(INTERCEPT(calc!$BO$3:$BO$306,calc!$BP$3:$BP$306),""),"") | H32: =COUNT(mos_metrics!M$2:M$306) | I32: =IF($A32<>"",1,"") | J32: =IF($A32="DeltaE",-1,1) | K32: =SUMPRODUCT(--(calc!$BN$3:$BN$306=TRUE))

Sheet calc
A1: Source / MOS | G1: Selection flags | K1: PSNR_avg_score | T1: ColorVideoVDP_score | AC1: VMAF_score | AL1: WTPSNR_score | AU1: DeltaE_score | BD1: PSNR_L0100_score | BM1: FDIM_score
A2: KEY | B2: ref_name | C2: dis_name | D2: trc | E2: codec | F2: MOS | G2: ShowSeq | H2: ShowCodec | I2: ValidMOS | J2: UseBase | K2: raw | L2: valid | M2: mos_used | N2: score | O2: fit | P2: sq_error | Q2: mos_rank | R2: score_rank | S2: kendall_num | T2: raw | U2: valid | V2: mos_used | W2: score | X2: fit | Y2: sq_error | Z2: mos_rank | AA2: score_rank | AB2: kendall_num | AC2: raw | AD2: valid | AE2: mos_used | AF2: score | AG2: fit | AH2: sq_error | AI2: mos_rank | AJ2: score_rank | AK2: kendall_num | AL2: raw | AM2: valid | AN2: mos_used | AO2: score | AP2: fit | AQ2: sq_error | AR2: mos_rank | AS2: score_rank | AT2: kendall_num | AU2: raw | AV2: valid | AW2: mos_used | AX2: score | AY2: fit | AZ2: sq_error | BA2: mos_rank | BB2: score_rank | BC2: kendall_num | BD2: raw | BE2: valid | BF2: mos_used | BG2: score | BH2: fit | BI2: sq_error | BJ2: mos_rank | BK2: score_rank | BL2: kendall_num | BM2: raw | BN2: valid | BO2: mos_used | BP2: score | BQ2: fit | BR2: sq_error | BS2: mos_rank | BT2: score_rank | BU2: kendall_num
A3: =mos_metrics!A2 | B3: =mos_metrics!B2 | C3: =mos_metrics!C2 | D3: =mos_metrics!D2 | E3: =mos_metrics!E2 | F3: =mos_metrics!F2 | G3: =IF($B3="","",IFERROR(VLOOKUP($B3,correlation!$A$2:$B$16,2,FALSE),1)) | H3: =IF($E3="","",IFERROR(VLOOKUP($E3,correlation!$D$2:$E$8,2,FALSE),1)) | I3: =ISNUMBER($F3) | J3: =AND($G3=1,$H3=1,$I3) | K3: =IF(mos_metrics!G2="","",mos_metrics!G2) | L3: =AND($J3,ISNUMBER(K3),correlation!$I$26=1) | M3: =IF(L3,$F3,"") | N3: =IF(L3,K3*correlation!$J$26,"") | O3: =IF(AND(L3,ISNUMBER(correlation!$F$26)),N3*correlation!$F$26+correlation!$G$26,"") | P3: =IF(AND(L3,ISNUMBER(O3)),(M3-O3)^2,"") | Q3: =IF(L3,1+SUMPRODUCT(--(calc!$L$3:$L$306=TRUE),--(calc!$M$3:$M$306>M3))+(SUMPRODUCT(--(calc!$L$3:$L$306=TRUE),--(calc!$M$3:$M$306=M3))-1)/2,"") | R3: =IF(L3,1+SUMPRODUCT(--(calc!$L$3:$L$306=TRUE),--(calc!$N$3:$N$306>N3))+(SUMPRODUCT(--(calc!$L$3:$L$306=TRUE),--(calc!$N$3:$N$306=N3))-1)/2,"") | S3: =IF(L3,SUMPRODUCT(--(calc!$L$3:$L$306=TRUE),--(ROW(calc!$L$3:$L$306)>ROW(L3)),--(((calc!$Q$3:$Q$306>Q3)*(calc!$R$3:$R$306>R3)+(calc!$Q$3:$Q$306<Q3)*(calc!$R$3:$R$306<R3))>0))-SUMPRODUCT(--(calc!$L$3:$L$306=TRUE),--(ROW(calc!$L$3:$L$306)>ROW(L3)),--(((calc!$Q$3:$Q$306>Q3)*(calc!$R$3:$R$306<R3)+(calc!$Q$3:$Q$306<Q3)*(calc!$R$3:$R$306>R3))>0)),0) | T3: =IF(mos_metrics!H2="","",mos_metrics!H2) | U3: =AND($J3,ISNUMBER(T3),correlation!$I$27=1) | V3: =IF(U3,$F3,"") | W3: =IF(U3,T3*correlation!$J$27,"") | X3: =IF(AND(U3,ISNUMBER(correlation!$F$27)),W3*correlation!$F$27+correlation!$G$27,"") | Y3: =IF(AND(U3,ISNUMBER(X3)),(V3-X3)^2,"") | Z3: =IF(U3,1+SUMPRODUCT(--(calc!$U$3:$U$306=TRUE),--(calc!$V$3:$V$306>V3))+(SUMPRODUCT(--(calc!$U$3:$U$306=TRUE),--(calc!$V$3:$V$306=V3))-1)/2,"") | AA3: =IF(U3,1+SUMPRODUCT(--(calc!$U$3:$U$306=TRUE),--(calc!$W$3:$W$306>W3))+(SUMPRODUCT(--(calc!$U$3:$U$306=TRUE),--(calc!$W$3:$W$306=W3))-1)/2,"") | AB3: =IF(U3,SUMPRODUCT(--(calc!$U$3:$U$306=TRUE),--(ROW(calc!$U$3:$U$306)>ROW(U3)),--(((calc!$Z$3:$Z$306>Z3)*(calc!$AA$3:$AA$306>AA3)+(calc!$Z$3:$Z$306<Z3)*(calc!$AA$3:$AA$306<AA3))>0))-SUMPRODUCT(--(calc!$U$3:$U$306=TRUE),--(ROW(calc!$U$3:$U$306)>ROW(U3)),--(((calc!$Z$3:$Z$306>Z3)*(calc!$AA$3:$AA$306<AA3)+(calc!$Z$3:$Z$306<Z3)*(calc!$AA$3:$AA$306>AA3))>0)),0) | AC3: =IF(mos_metrics!I2="","",mos_metrics!I2) | AD3: =AND($J3,ISNUMBER(AC3),correlation!$I$28=1) | AE3: =IF(AD3,$F3,"") | AF3: =IF(AD3,AC3*correlation!$J$28,"") | AG3: =IF(AND(AD3,ISNUMBER(correlation!$F$28)),AF3*correlation!$F$28+correlation!$G$28,"") | AH3: =IF(AND(AD3,ISNUMBER(AG3)),(AE3-AG3)^2,"") | AI3: =IF(AD3,1+SUMPRODUCT(--(calc!$AD$3:$AD$306=TRUE),--(calc!$AE$3:$AE$306>AE3))+(SUMPRODUCT(--(calc!$AD$3:$AD$306=TRUE),--(calc!$AE$3:$AE$306=AE3))-1)/2,"") | AJ3: =IF(AD3,1+SUMPRODUCT(--(calc!$AD$3:$AD$306=TRUE),--(calc!$AF$3:$AF$306>AF3))+(SUMPRODUCT(--(calc!$AD$3:$AD$306=TRUE),--(calc!$AF$3:$AF$306=AF3))-1)/2,"") | AK3: =IF(AD3,SUMPRODUCT(--(calc!$AD$3:$AD$306=TRUE),--(ROW(calc!$AD$3:$AD$306)>ROW(AD3)),--(((calc!$AI$3:$AI$306>AI3)*(calc!$AJ$3:$AJ$306>AJ3)+(calc!$AI$3:$AI$306<AI3)*(calc!$AJ$3:$AJ$306<AJ3))>0))-SUMPRODUCT(--(calc!$AD$3:$AD$306=TRUE),--(ROW(calc!$AD$3:$AD$306)>ROW(AD3)),--(((calc!$AI$3:$AI$306>AI3)*(calc!$AJ$3:$AJ$306<AJ3)+(calc!$AI$3:$AI$306<AI3)*(calc!$AJ$3:$AJ$306>AJ3))>0)),0) | AL3: =IF(mos_metrics!J2="","",mos_metrics!J2) | AM3: =AND($J3,ISNUMBER(AL3),correlation!$I$29=1) | AN3: =IF(AM3,$F3,"") | AO3: =IF(AM3,AL3*correlation!$J$29,"") | AP3: =IF(AND(AM3,ISNUMBER(correlation!$F$29)),AO3*correlation!$F$29+correlation!$G$29,"") | AQ3: =IF(AND(AM3,ISNUMBER(AP3)),(AN3-AP3)^2,"") | AR3: =IF(AM3,1+SUMPRODUCT(--(calc!$AM$3:$AM$306=TRUE),--(calc!$AN$3:$AN$306>AN3))+(SUMPRODUCT(--(calc!$AM$3:$AM$306=TRUE),--(calc!$AN$3:$AN$306=AN3))-1)/2,"") | AS3: =IF(AM3,1+SUMPRODUCT(--(calc!$AM$3:$AM$306=TRUE),--(calc!$AO$3:$AO$306>AO3))+(SUMPRODUCT(--(calc!$AM$3:$AM$306=TRUE),--(calc!$AO$3:$AO$306=AO3))-1)/2,"") | AT3: =IF(AM3,SUMPRODUCT(--(calc!$AM$3:$AM$306=TRUE),--(ROW(calc!$AM$3:$AM$306)>ROW(AM3)),--(((calc!$AR$3:$AR$306>AR3)*(calc!$AS$3:$AS$306>AS3)+(calc!$AR$3:$AR$306<AR3)*(calc!$AS$3:$AS$306<AS3))>0))-SUMPRODUCT(--(calc!$AM$3:$AM$306=TRUE),--(ROW(calc!$AM$3:$AM$306)>ROW(AM3)),--(((calc!$AR$3:$AR$306>AR3)*(calc!$AS$3:$AS$306<AS3)+(calc!$AR$3:$AR$306<AR3)*(calc!$AS$3:$AS$306>AS3))>0)),0) | AU3: =IF(mos_metrics!K2="","",mos_metrics!K2) | AV3: =AND($J3,ISNUMBER(AU3),correlation!$I$30=1) | AW3: =IF(AV3,$F3,"") | AX3: =IF(AV3,AU3*correlation!$J$30,"") | AY3: =IF(AND(AV3,ISNUMBER(correlation!$F$30)),AX3*correlation!$F$30+correlation!$G$30,"") | AZ3: =IF(AND(AV3,ISNUMBER(AY3)),(AW3-AY3)^2,"") | BA3: =IF(AV3,1+SUMPRODUCT(--(calc!$AV$3:$AV$306=TRUE),--(calc!$AW$3:$AW$306>AW3))+(SUMPRODUCT(--(calc!$AV$3:$AV$306=TRUE),--(calc!$AW$3:$AW$306=AW3))-1)/2,"") | BB3: =IF(AV3,1+SUMPRODUCT(--(calc!$AV$3:$AV$306=TRUE),--(calc!$AX$3:$AX$306>AX3))+(SUMPRODUCT(--(calc!$AV$3:$AV$306=TRUE),--(calc!$AX$3:$AX$306=AX3))-1)/2,"") | BC3: =IF(AV3,SUMPRODUCT(--(calc!$AV$3:$AV$306=TRUE),--(ROW(calc!$AV$3:$AV$306)>ROW(AV3)),--(((calc!$BA$3:$BA$306>BA3)*(calc!$BB$3:$BB$306>BB3)+(calc!$BA$3:$BA$306<BA3)*(calc!$BB$3:$BB$306<BB3))>0))-SUMPRODUCT(--(calc!$AV$3:$AV$306=TRUE),--(ROW(calc!$AV$3:$AV$306)>ROW(AV3)),--(((calc!$BA$3:$BA$306>BA3)*(calc!$BB$3:$BB$306<BB3)+(calc!$BA$3:$BA$306<BA3)*(calc!$BB$3:$BB$306>BB3))>0)),0) | BD3: =IF(mos_metrics!L2="","",mos_metrics!L2) | BE3: =AND($J3,ISNUMBER(BD3),correlation!$I$31=1) | BF3: =IF(BE3,$F3,"") | BG3: =IF(BE3,BD3*correlation!$J$31,"") | BH3: =IF(AND(BE3,ISNUMBER(correlation!$F$31)),BG3*correlation!$F$31+correlation!$G$31,"") | BI3: =IF(AND(BE3,ISNUMBER(BH3)),(BF3-BH3)^2,"") | BJ3: =IF(BE3,1+SUMPRODUCT(--(calc!$BE$3:$BE$306=TRUE),--(calc!$BF$3:$BF$306>BF3))+(SUMPRODUCT(--(calc!$BE$3:$BE$306=TRUE),--(calc!$BF$3:$BF$306=BF3))-1)/2,"") | BK3: =IF(BE3,1+SUMPRODUCT(--(calc!$BE$3:$BE$306=TRUE),--(calc!$BG$3:$BG$306>BG3))+(SUMPRODUCT(--(calc!$BE$3:$BE$306=TRUE),--(calc!$BG$3:$BG$306=BG3))-1)/2,"") | BL3: =IF(BE3,SUMPRODUCT(--(calc!$BE$3:$BE$306=TRUE),--(ROW(calc!$BE$3:$BE$306)>ROW(BE3)),--(((calc!$BJ$3:$BJ$306>BJ3)*(calc!$BK$3:$BK$306>BK3)+(calc!$BJ$3:$BJ$306<BJ3)*(calc!$BK$3:$BK$306<BK3))>0))-SUMPRODUCT(--(calc!$BE$3:$BE$306=TRUE),--(ROW(calc!$BE$3:$BE$306)>ROW(BE3)),--(((calc!$BJ$3:$BJ$306>BJ3)*(calc!$BK$3:$BK$306<BK3)+(calc!$BJ$3:$BJ$306<BJ3)*(calc!$BK$3:$BK$306>BK3))>0)),0) | BM3: =IF(mos_metrics!M2="","",mos_metrics!M2) | BN3: =AND($J3,ISNUMBER(BM3),correlation!$I$32=1) | BO3: =IF(BN3,$F3,"") | BP3: =IF(BN3,BM3*correlation!$J$32,"") | BQ3: =IF(AND(BN3,ISNUMBER(correlation!$F$32)),BP3*correlation!$F$32+correlation!$G$32,"") | BR3: =IF(AND(BN3,ISNUMBER(BQ3)),(BO3-BQ3)^2,"") | BS3: =IF(BN3,1+SUMPRODUCT(--(calc!$BN$3:$BN$306=TRUE),--(calc!$BO$3:$BO$306>BO3))+(SUMPRODUCT(--(calc!$BN$3:$BN$306=TRUE),--(calc!$BO$3:$BO$306=BO3))-1)/2,"") | BT3: =IF(BN3,1+SUMPRODUCT(--(calc!$BN$3:$BN$306=TRUE),--(calc!$BP$3:$BP$306>BP3))+(SUMPRODUCT(--(calc!$BN$3:$BN$306=TRUE),--(calc!$BP$3:$BP$306=BP3))-1)/2,"") | BU3: =IF(BN3,SUMPRODUCT(--(calc!$BN$3:$BN$306=TRUE),--(ROW(calc!$BN$3:$BN$306)>ROW(BN3)),--(((calc!$BS$3:$BS$306>BS3)*(calc!$BT$3:$BT$306>BT3)+(calc!$BS$3:$BS$306<BS3)*(calc!$BT$3:$BT$306<BT3))>0))-SUMPRODUCT(--(calc!$BN$3:$BN$306=TRUE),--(ROW(calc!$BN$3:$BN$306)>ROW(BN3)),--(((calc!$BS$3:$BS$306>BS3)*(calc!$BT$3:$BT$306<BT3)+(calc!$BS$3:$BS$306<BS3)*(calc!$BT$3:$BT$306>BT3))>0)),0)
A4: =mos_metrics!A3 | B4: =mos_metrics!B3 | C4: =mos_metrics!C3 | D4: =mos_metrics!D3 | E4: =mos_metrics!E3 | F4: =mos_metrics!F3 | G4: =IF($B4="","",IFERROR(VLOOKUP($B4,correlation!$A$2:$B$16,2,FALSE),1)) | H4: =IF($E4="","",IFERROR(VLOOKUP($E4,correlation!$D$2:$E$8,2,FALSE),1)) | I4: =ISNUMBER($F4) | J4: =AND($G4=1,$H4=1,$I4) | K4: =IF(mos_metrics!G3="","",mos_metrics!G3) | L4: =AND($J4,ISNUMBER(K4),correlation!$I$26=1) | M4: =IF(L4,$F4,"") | N4: =IF(L4,K4*correlation!$J$26,"") | O4: =IF(AND(L4,ISNUMBER(correlation!$F$26)),N4*correlation!$F$26+correlation!$G$26,"") | P4: =IF(AND(L4,ISNUMBER(O4)),(M4-O4)^2,"") | Q4: =IF(L4,1+SUMPRODUCT(--(calc!$L$3:$L$306=TRUE),--(calc!$M$3:$M$306>M4))+(SUMPRODUCT(--(calc!$L$3:$L$306=TRUE),--(calc!$M$3:$M$306=M4))-1)/2,"") | R4: =IF(L4,1+SUMPRODUCT(--(calc!$L$3:$L$306=TRUE),--(calc!$N$3:$N$306>N4))+(SUMPRODUCT(--(calc!$L$3:$L$306=TRUE),--(calc!$N$3:$N$306=N4))-1)/2,"") | S4: =IF(L4,SUMPRODUCT(--(calc!$L$3:$L$306=TRUE),--(ROW(calc!$L$3:$L$306)>ROW(L4)),--(((calc!$Q$3:$Q$306>Q4)*(calc!$R$3:$R$306>R4)+(calc!$Q$3:$Q$306<Q4)*(calc!$R$3:$R$306<R4))>0))-SUMPRODUCT(--(calc!$L$3:$L$306=TRUE),--(ROW(calc!$L$3:$L$306)>ROW(L4)),--(((calc!$Q$3:$Q$306>Q4)*(calc!$R$3:$R$306<R4)+(calc!$Q$3:$Q$306<Q4)*(calc!$R$3:$R$306>R4))>0)),0) | T4: =IF(mos_metrics!H3="","",mos_metrics!H3) | U4: =AND($J4,ISNUMBER(T4),correlation!$I$27=1) | V4: =IF(U4,$F4,"") | W4: =IF(U4,T4*correlation!$J$27,"") | X4: =IF(AND(U4,ISNUMBER(correlation!$F$27)),W4*correlation!$F$27+correlation!$G$27,"") | Y4: =IF(AND(U4,ISNUMBER(X4)),(V4-X4)^2,"") | Z4: =IF(U4,1+SUMPRODUCT(--(calc!$U$3:$U$306=TRUE),--(calc!$V$3:$V$306>V4))+(SUMPRODUCT(--(calc!$U$3:$U$306=TRUE),--(calc!$V$3:$V$306=V4))-1)/2,"") | AA4: =IF(U4,1+SUMPRODUCT(--(calc!$U$3:$U$306=TRUE),--(calc!$W$3:$W$306>W4))+(SUMPRODUCT(--(calc!$U$3:$U$306=TRUE),--(calc!$W$3:$W$306=W4))-1)/2,"") | AB4: =IF(U4,SUMPRODUCT(--(calc!$U$3:$U$306=TRUE),--(ROW(calc!$U$3:$U$306)>ROW(U4)),--(((calc!$Z$3:$Z$306>Z4)*(calc!$AA$3:$AA$306>AA4)+(calc!$Z$3:$Z$306<Z4)*(calc!$AA$3:$AA$306<AA4))>0))-SUMPRODUCT(--(calc!$U$3:$U$306=TRUE),--(ROW(calc!$U$3:$U$306)>ROW(U4)),--(((calc!$Z$3:$Z$306>Z4)*(calc!$AA$3:$AA$306<AA4)+(calc!$Z$3:$Z$306<Z4)*(calc!$AA$3:$AA$306>AA4))>0)),0) | AC4: =IF(mos_metrics!I3="","",mos_metrics!I3) | AD4: =AND($J4,ISNUMBER(AC4),correlation!$I$28=1) | AE4: =IF(AD4,$F4,"") | AF4: =IF(AD4,AC4*correlation!$J$28,"") | AG4: =IF(AND(AD4,ISNUMBER(correlation!$F$28)),AF4*correlation!$F$28+correlation!$G$28,"") | AH4: =IF(AND(AD4,ISNUMBER(AG4)),(AE4-AG4)^2,"") | AI4: =IF(AD4,1+SUMPRODUCT(--(calc!$AD$3:$AD$306=TRUE),--(calc!$AE$3:$AE$306>AE4))+(SUMPRODUCT(--(calc!$AD$3:$AD$306=TRUE),--(calc!$AE$3:$AE$306=AE4))-1)/2,"") | AJ4: =IF(AD4,1+SUMPRODUCT(--(calc!$AD$3:$AD$306=TRUE),--(calc!$AF$3:$AF$306>AF4))+(SUMPRODUCT(--(calc!$AD$3:$AD$306=TRUE),--(calc!$AF$3:$AF$306=AF4))-1)/2,"") | AK4: =IF(AD4,SUMPRODUCT(--(calc!$AD$3:$AD$306=TRUE),--(ROW(calc!$AD$3:$AD$306)>ROW(AD4)),--(((calc!$AI$3:$AI$306>AI4)*(calc!$AJ$3:$AJ$306>AJ4)+(calc!$AI$3:$AI$306<AI4)*(calc!$AJ$3:$AJ$306<AJ4))>0))-SUMPRODUCT(--(calc!$AD$3:$AD$306=TRUE),--(ROW(calc!$AD$3:$AD$306)>ROW(AD4)),--(((calc!$AI$3:$AI$306>AI4)*(calc!$AJ$3:$AJ$306<AJ4)+(calc!$AI$3:$AI$306<AI4)*(calc!$AJ$3:$AJ$306>AJ4))>0)),0) | AL4: =IF(mos_metrics!J3="","",mos_metrics!J3) | AM4: =AND($J4,ISNUMBER(AL4),correlation!$I$29=1) | AN4: =IF(AM4,$F4,"") | AO4: =IF(AM4,AL4*correlation!$J$29,"") | AP4: =IF(AND(AM4,ISNUMBER(correlation!$F$29)),AO4*correlation!$F$29+correlation!$G$29,"") | AQ4: =IF(AND(AM4,ISNUMBER(AP4)),(AN4-AP4)^2,"") | AR4: =IF(AM4,1+SUMPRODUCT(--(calc!$AM$3:$AM$306=TRUE),--(calc!$AN$3:$AN$306>AN4))+(SUMPRODUCT(--(calc!$AM$3:$AM$306=TRUE),--(calc!$AN$3:$AN$306=AN4))-1)/2,"") | AS4: =IF(AM4,1+SUMPRODUCT(--(calc!$AM$3:$AM$306=TRUE),--(calc!$AO$3:$AO$306>AO4))+(SUMPRODUCT(--(calc!$AM$3:$AM$306=TRUE),--(calc!$AO$3:$AO$306=AO4))-1)/2,"") | AT4: =IF(AM4,SUMPRODUCT(--(calc!$AM$3:$AM$306=TRUE),--(ROW(calc!$AM$3:$AM$306)>ROW(AM4)),--(((calc!$AR$3:$AR$306>AR4)*(calc!$AS$3:$AS$306>AS4)+(calc!$AR$3:$AR$306<AR4)*(calc!$AS$3:$AS$306<AS4))>0))-SUMPRODUCT(--(calc!$AM$3:$AM$306=TRUE),--(ROW(calc!$AM$3:$AM$306)>ROW(AM4)),--(((calc!$AR$3:$AR$306>AR4)*(calc!$AS$3:$AS$306<AS4)+(calc!$AR$3:$AR$306<AR4)*(calc!$AS$3:$AS$306>AS4))>0)),0) | AU4: =IF(mos_metrics!K3="","",mos_metrics!K3) | AV4: =AND($J4,ISNUMBER(AU4),correlation!$I$30=1) | AW4: =IF(AV4,$F4,"") | AX4: =IF(AV4,AU4*correlation!$J$30,"") | AY4: =IF(AND(AV4,ISNUMBER(correlation!$F$30)),AX4*correlation!$F$30+correlation!$G$30,"") | AZ4: =IF(AND(AV4,ISNUMBER(AY4)),(AW4-AY4)^2,"") | BA4: =IF(AV4,1+SUMPRODUCT(--(calc!$AV$3:$AV$306=TRUE),--(calc!$AW$3:$AW$306>AW4))+(SUMPRODUCT(--(calc!$AV$3:$AV$306=TRUE),--(calc!$AW$3:$AW$306=AW4))-1)/2,"") | BB4: =IF(AV4,1+SUMPRODUCT(--(calc!$AV$3:$AV$306=TRUE),--(calc!$AX$3:$AX$306>AX4))+(SUMPRODUCT(--(calc!$AV$3:$AV$306=TRUE),--(calc!$AX$3:$AX$306=AX4))-1)/2,"") | BC4: =IF(AV4,SUMPRODUCT(--(calc!$AV$3:$AV$306=TRUE),--(ROW(calc!$AV$3:$AV$306)>ROW(AV4)),--(((calc!$BA$3:$BA$306>BA4)*(calc!$BB$3:$BB$306>BB4)+(calc!$BA$3:$BA$306<BA4)*(calc!$BB$3:$BB$306<BB4))>0))-SUMPRODUCT(--(calc!$AV$3:$AV$306=TRUE),--(ROW(calc!$AV$3:$AV$306)>ROW(AV4)),--(((calc!$BA$3:$BA$306>BA4)*(calc!$BB$3:$BB$306<BB4)+(calc!$BA$3:$BA$306<BA4)*(calc!$BB$3:$BB$306>BB4))>0)),0) | BD4: =IF(mos_metrics!L3="","",mos_metrics!L3) | BE4: =AND($J4,ISNUMBER(BD4),correlation!$I$31=1) | BF4: =IF(BE4,$F4,"") | BG4: =IF(BE4,BD4*correlation!$J$31,"") | BH4: =IF(AND(BE4,ISNUMBER(correlation!$F$31)),BG4*correlation!$F$31+correlation!$G$31,"") | BI4: =IF(AND(BE4,ISNUMBER(BH4)),(BF4-BH4)^2,"") | BJ4: =IF(BE4,1+SUMPRODUCT(--(calc!$BE$3:$BE$306=TRUE),--(calc!$BF$3:$BF$306>BF4))+(SUMPRODUCT(--(calc!$BE$3:$BE$306=TRUE),--(calc!$BF$3:$BF$306=BF4))-1)/2,"") | BK4: =IF(BE4,1+SUMPRODUCT(--(calc!$BE$3:$BE$306=TRUE),--(calc!$BG$3:$BG$306>BG4))+(SUMPRODUCT(--(calc!$BE$3:$BE$306=TRUE),--(calc!$BG$3:$BG$306=BG4))-1)/2,"") | BL4: =IF(BE4,SUMPRODUCT(--(calc!$BE$3:$BE$306=TRUE),--(ROW(calc!$BE$3:$BE$306)>ROW(BE4)),--(((calc!$BJ$3:$BJ$306>BJ4)*(calc!$BK$3:$BK$306>BK4)+(calc!$BJ$3:$BJ$306<BJ4)*(calc!$BK$3:$BK$306<BK4))>0))-SUMPRODUCT(--(calc!$BE$3:$BE$306=TRUE),--(ROW(calc!$BE$3:$BE$306)>ROW(BE4)),--(((calc!$BJ$3:$BJ$306>BJ4)*(calc!$BK$3:$BK$306<BK4)+(calc!$BJ$3:$BJ$306<BJ4)*(calc!$BK$3:$BK$306>BK4))>0)),0) | BM4: =IF(mos_metrics!M3="","",mos_metrics!M3) | BN4: =AND($J4,ISNUMBER(BM4),correlation!$I$32=1) | BO4: =IF(BN4,$F4,"") | BP4: =IF(BN4,BM4*correlation!$J$32,"") | BQ4: =IF(AND(BN4,ISNUMBER(correlation!$F$32)),BP4*correlation!$F$32+correlation!$G$32,"") | BR4: =IF(AND(BN4,ISNUMBER(BQ4)),(BO4-BQ4)^2,"") | BS4: =IF(BN4,1+SUMPRODUCT(--(calc!$BN$3:$BN$306=TRUE),--(calc!$BO$3:$BO$306>BO4))+(SUMPRODUCT(--(calc!$BN$3:$BN$306=TRUE),--(calc!$BO$3:$BO$306=BO4))-1)/2,"") | BT4: =IF(BN4,1+SUMPRODUCT(--(calc!$BN$3:$BN$306=TRUE),--(calc!$BP$3:$BP$306>BP4))+(SUMPRODUCT(--(calc!$BN$3:$BN$306=TRUE),--(calc!$BP$3:$BP$306=BP4))-1)/2,"") | BU4: =IF(BN4,SUMPRODUCT(--(calc!$BN$3:$BN$306=TRUE),--(ROW(calc!$BN$3:$BN$306)>ROW(BN4)),--(((calc!$BS$3:$BS$306>BS4)*(calc!$BT$3:$BT$306>BT4)+(calc!$BS$3:$BS$306<BS4)*(calc!$BT$3:$BT$306<BT4))>0))-SUMPRODUCT(--(calc!$BN$3:$BN$306=TRUE),--(ROW(calc!$BN$3:$BN$306)>ROW(BN4)),--(((calc!$BS$3:$BS$306>BS4)*(calc!$BT$3:$BT$306<BT4)+(calc!$BS$3:$BS$306<BS4)*(calc!$BT$3:$BT$306>BT4))>0)),0)
A5: =mos_metrics!A4 | B5: =mos_metrics!B4 | C5: =mos_metrics!C4 | D5: =mos_metrics!D4 | E5: =mos_metrics!E4 | F5: =mos_metrics!F4 | G5: =IF($B5="","",IFERROR(VLOOKUP($B5,correlation!$A$2:$B$16,2,FALSE),1)) | H5: =IF($E5="","",IFERROR(VLOOKUP($E5,correlation!$D$2:$E$8,2,FALSE),1)) | I5: =ISNUMBER($F5) | J5: =AND($G5=1,$H5=1,$I5) | K5: =IF(mos_metrics!G4="","",mos_metrics!G4) | L5: =AND($J5,ISNUMBER(K5),correlation!$I$26=1) | M5: =IF(L5,$F5,"") | N5: =IF(L5,K5*correlation!$J$26,"") | O5: =IF(AND(L5,ISNUMBER(correlation!$F$26)),N5*correlation!$F$26+correlation!$G$26,"") | P5: =IF(AND(L5,ISNUMBER(O5)),(M5-O5)^2,"") | Q5: =IF(L5,1+SUMPRODUCT(--(calc!$L$3:$L$306=TRUE),--(calc!$M$3:$M$306>M5))+(SUMPRODUCT(--(calc!$L$3:$L$306=TRUE),--(calc!$M$3:$M$306=M5))-1)/2,"") | R5: =IF(L5,1+SUMPRODUCT(--(calc!$L$3:$L$306=TRUE),--(calc!$N$3:$N$306>N5))+(SUMPRODUCT(--(calc!$L$3:$L$306=TRUE),--(calc!$N$3:$N$306=N5))-1)/2,"") | S5: =IF(L5,SUMPRODUCT(--(calc!$L$3:$L$306=TRUE),--(ROW(calc!$L$3:$L$306)>ROW(L5)),--(((calc!$Q$3:$Q$306>Q5)*(calc!$R$3:$R$306>R5)+(calc!$Q$3:$Q$306<Q5)*(calc!$R$3:$R$306<R5))>0))-SUMPRODUCT(--(calc!$L$3:$L$306=TRUE),--(ROW(calc!$L$3:$L$306)>ROW(L5)),--(((calc!$Q$3:$Q$306>Q5)*(calc!$R$3:$R$306<R5)+(calc!$Q$3:$Q$306<Q5)*(calc!$R$3:$R$306>R5))>0)),0) | T5: =IF(mos_metrics!H4="","",mos_metrics!H4) | U5: =AND($J5,ISNUMBER(T5),correlation!$I$27=1) | V5: =IF(U5,$F5,"") | W5: =IF(U5,T5*correlation!$J$27,"") | X5: =IF(AND(U5,ISNUMBER(correlation!$F$27)),W5*correlation!$F$27+correlation!$G$27,"") | Y5: =IF(AND(U5,ISNUMBER(X5)),(V5-X5)^2,"") | Z5: =IF(U5,1+SUMPRODUCT(--(calc!$U$3:$U$306=TRUE),--(calc!$V$3:$V$306>V5))+(SUMPRODUCT(--(calc!$U$3:$U$306=TRUE),--(calc!$V$3:$V$306=V5))-1)/2,"") | AA5: =IF(U5,1+SUMPRODUCT(--(calc!$U$3:$U$306=TRUE),--(calc!$W$3:$W$306>W5))+(SUMPRODUCT(--(calc!$U$3:$U$306=TRUE),--(calc!$W$3:$W$306=W5))-1)/2,"") | AB5: =IF(U5,SUMPRODUCT(--(calc!$U$3:$U$306=TRUE),--(ROW(calc!$U$3:$U$306)>ROW(U5)),--(((calc!$Z$3:$Z$306>Z5)*(calc!$AA$3:$AA$306>AA5)+(calc!$Z$3:$Z$306<Z5)*(calc!$AA$3:$AA$306<AA5))>0))-SUMPRODUCT(--(calc!$U$3:$U$306=TRUE),--(ROW(calc!$U$3:$U$306)>ROW(U5)),--(((calc!$Z$3:$Z$306>Z5)*(calc!$AA$3:$AA$306<AA5)+(calc!$Z$3:$Z$306<Z5)*(calc!$AA$3:$AA$306>AA5))>0)),0) | AC5: =IF(mos_metrics!I4="","",mos_metrics!I4) | AD5: =AND($J5,ISNUMBER(AC5),correlation!$I$28=1) | AE5: =IF(AD5,$F5,"") | AF5: =IF(AD5,AC5*correlation!$J$28,"") | AG5: =IF(AND(AD5,ISNUMBER(correlation!$F$28)),AF5*correlation!$F$28+correlation!$G$28,"") | AH5: =IF(AND(AD5,ISNUMBER(AG5)),(AE5-AG5)^2,"") | AI5: =IF(AD5,1+SUMPRODUCT(--(calc!$AD$3:$AD$306=TRUE),--(calc!$AE$3:$AE$306>AE5))+(SUMPRODUCT(--(calc!$AD$3:$AD$306=TRUE),--(calc!$AE$3:$AE$306=AE5))-1)/2,"") | AJ5: =IF(AD5,1+SUMPRODUCT(--(calc!$AD$3:$AD$306=TRUE),--(calc!$AF$3:$AF$306>AF5))+(SUMPRODUCT(--(calc!$AD$3:$AD$306=TRUE),--(calc!$AF$3:$AF$306=AF5))-1)/2,"") | AK5: =IF(AD5,SUMPRODUCT(--(calc!$AD$3:$AD$306=TRUE),--(ROW(calc!$AD$3:$AD$306)>ROW(AD5)),--(((calc!$AI$3:$AI$306>AI5)*(calc!$AJ$3:$AJ$306>AJ5)+(calc!$AI$3:$AI$306<AI5)*(calc!$AJ$3:$AJ$306<AJ5))>0))-SUMPRODUCT(--(calc!$AD$3:$AD$306=TRUE),--(ROW(calc!$AD$3:$AD$306)>ROW(AD5)),--(((calc!$AI$3:$AI$306>AI5)*(calc!$AJ$3:$AJ$306<AJ5)+(calc!$AI$3:$AI$306<AI5)*(calc!$AJ$3:$AJ$306>AJ5))>0)),0) | AL5: =IF(mos_metrics!J4="","",mos_metrics!J4) | AM5: =AND($J5,ISNUMBER(AL5),correlation!$I$29=1) | AN5: =IF(AM5,$F5,"") | AO5: =IF(AM5,AL5*correlation!$J$29,"") | AP5: =IF(AND(AM5,ISNUMBER(correlation!$F$29)),AO5*correlation!$F$29+correlation!$G$29,"") | AQ5: =IF(AND(AM5,ISNUMBER(AP5)),(AN5-AP5)^2,"") | AR5: =IF(AM5,1+SUMPRODUCT(--(calc!$AM$3:$AM$306=TRUE),--(calc!$AN$3:$AN$306>AN5))+(SUMPRODUCT(--(calc!$AM$3:$AM$306=TRUE),--(calc!$AN$3:$AN$306=AN5))-1)/2,"") | AS5: =IF(AM5,1+SUMPRODUCT(--(calc!$AM$3:$AM$306=TRUE),--(calc!$AO$3:$AO$306>AO5))+(SUMPRODUCT(--(calc!$AM$3:$AM$306=TRUE),--(calc!$AO$3:$AO$306=AO5))-1)/2,"") | AT5: =IF(AM5,SUMPRODUCT(--(calc!$AM$3:$AM$306=TRUE),--(ROW(calc!$AM$3:$AM$306)>ROW(AM5)),--(((calc!$AR$3:$AR$306>AR5)*(calc!$AS$3:$AS$306>AS5)+(calc!$AR$3:$AR$306<AR5)*(calc!$AS$3:$AS$306<AS5))>0))-SUMPRODUCT(--(calc!$AM$3:$AM$306=TRUE),--(ROW(calc!$AM$3:$AM$306)>ROW(AM5)),--(((calc!$AR$3:$AR$306>AR5)*(calc!$AS$3:$AS$306<AS5)+(calc!$AR$3:$AR$306<AR5)*(calc!$AS$3:$AS$306>AS5))>0)),0) | AU5: =IF(mos_metrics!K4="","",mos_metrics!K4) | AV5: =AND($J5,ISNUMBER(AU5),correlation!$I$30=1) | AW5: =IF(AV5,$F5,"") | AX5: =IF(AV5,AU5*correlation!$J$30,"") | AY5: =IF(AND(AV5,ISNUMBER(correlation!$F$30)),AX5*correlation!$F$30+correlation!$G$30,"") | AZ5: =IF(AND(AV5,ISNUMBER(AY5)),(AW5-AY5)^2,"") | BA5: =IF(AV5,1+SUMPRODUCT(--(calc!$AV$3:$AV$306=TRUE),--(calc!$AW$3:$AW$306>AW5))+(SUMPRODUCT(--(calc!$AV$3:$AV$306=TRUE),--(calc!$AW$3:$AW$306=AW5))-1)/2,"") | BB5: =IF(AV5,1+SUMPRODUCT(--(calc!$AV$3:$AV$306=TRUE),--(calc!$AX$3:$AX$306>AX5))+(SUMPRODUCT(--(calc!$AV$3:$AV$306=TRUE),--(calc!$AX$3:$AX$306=AX5))-1)/2,"") | BC5: =IF(AV5,SUMPRODUCT(--(calc!$AV$3:$AV$306=TRUE),--(ROW(calc!$AV$3:$AV$306)>ROW(AV5)),--(((calc!$BA$3:$BA$306>BA5)*(calc!$BB$3:$BB$306>BB5)+(calc!$BA$3:$BA$306<BA5)*(calc!$BB$3:$BB$306<BB5))>0))-SUMPRODUCT(--(calc!$AV$3:$AV$306=TRUE),--(ROW(calc!$AV$3:$AV$306)>ROW(AV5)),--(((calc!$BA$3:$BA$306>BA5)*(calc!$BB$3:$BB$306<BB5)+(calc!$BA$3:$BA$306<BA5)*(calc!$BB$3:$BB$306>BB5))>0)),0) | BD5: =IF(mos_metrics!L4="","",mos_metrics!L4) | BE5: =AND($J5,ISNUMBER(BD5),correlation!$I$31=1) | BF5: =IF(BE5,$F5,"") | BG5: =IF(BE5,BD5*correlation!$J$31,"") | BH5: =IF(AND(BE5,ISNUMBER(correlation!$F$31)),BG5*correlation!$F$31+correlation!$G$31,"") | BI5: =IF(AND(BE5,ISNUMBER(BH5)),(BF5-BH5)^2,"") | BJ5: =IF(BE5,1+SUMPRODUCT(--(calc!$BE$3:$BE$306=TRUE),--(calc!$BF$3:$BF$306>BF5))+(SUMPRODUCT(--(calc!$BE$3:$BE$306=TRUE),--(calc!$BF$3:$BF$306=BF5))-1)/2,"") | BK5: =IF(BE5,1+SUMPRODUCT(--(calc!$BE$3:$BE$306=TRUE),--(calc!$BG$3:$BG$306>BG5))+(SUMPRODUCT(--(calc!$BE$3:$BE$306=TRUE),--(calc!$BG$3:$BG$306=BG5))-1)/2,"") | BL5: =IF(BE5,SUMPRODUCT(--(calc!$BE$3:$BE$306=TRUE),--(ROW(calc!$BE$3:$BE$306)>ROW(BE5)),--(((calc!$BJ$3:$BJ$306>BJ5)*(calc!$BK$3:$BK$306>BK5)+(calc!$BJ$3:$BJ$306<BJ5)*(calc!$BK$3:$BK$306<BK5))>0))-SUMPRODUCT(--(calc!$BE$3:$BE$306=TRUE),--(ROW(calc!$BE$3:$BE$306)>ROW(BE5)),--(((calc!$BJ$3:$BJ$306>BJ5)*(calc!$BK$3:$BK$306<BK5)+(calc!$BJ$3:$BJ$306<BJ5)*(calc!$BK$3:$BK$306>BK5))>0)),0) | BM5: =IF(mos_metrics!M4="","",mos_metrics!M4) | BN5: =AND($J5,ISNUMBER(BM5),correlation!$I$32=1) | BO5: =IF(BN5,$F5,"") | BP5: =IF(BN5,BM5*correlation!$J$32,"") | BQ5: =IF(AND(BN5,ISNUMBER(correlation!$F$32)),BP5*correlation!$F$32+correlation!$G$32,"") | BR5: =IF(AND(BN5,ISNUMBER(BQ5)),(BO5-BQ5)^2,"") | BS5: =IF(BN5,1+SUMPRODUCT(--(calc!$BN$3:$BN$306=TRUE),--(calc!$BO$3:$BO$306>BO5))+(SUMPRODUCT(--(calc!$BN$3:$BN$306=TRUE),--(calc!$BO$3:$BO$306=BO5))-1)/2,"") | BT5: =IF(BN5,1+SUMPRODUCT(--(calc!$BN$3:$BN$306=TRUE),--(calc!$BP$3:$BP$306>BP5))+(SUMPRODUCT(--(calc!$BN$3:$BN$306=TRUE),--(calc!$BP$3:$BP$306=BP5))-1)/2,"") | BU5: =IF(BN5,SUMPRODUCT(--(calc!$BN$3:$BN$306=TRUE),--(ROW(calc!$BN$3:$BN$306)>ROW(BN5)),--(((calc!$BS$3:$BS$306>BS5)*(calc!$BT$3:$BT$306>BT5)+(calc!$BS$3:$BS$306<BS5)*(calc!$BT$3:$BT$306<BT5))>0))-SUMPRODUCT(--(calc!$BN$3:$BN$306=TRUE),--(ROW(calc!$BN$3:$BN$306)>ROW(BN5)),--(((calc!$BS$3:$BS$306>BS5)*(calc!$BT$3:$BT$306<BT5)+(calc!$BS$3:$BS$306<BS5)*(calc!$BT$3:$BT$306>BT5))>0)),0)
A6: =mos_metrics!A5 | B6: =mos_metrics!B5 | C6: =mos_metrics!C5 | D6: =mos_metrics!D5 | E6: =mos_metrics!E5 | F6: =mos_metrics!F5 | G6: =IF($B6="","",IFERROR(VLOOKUP($B6,correlation!$A$2:$B$16,2,FALSE),1)) | H6: =IF($E6="","",IFERROR(VLOOKUP($E6,correlation!$D$2:$E$8,2,FALSE),1)) | I6: =ISNUMBER($F6) | J6: =AND($G6=1,$H6=1,$I6) | K6: =IF(mos_metrics!G5="","",mos_metrics!G5) | L6: =AND($J6,ISNUMBER(K6),correlation!$I$26=1) | M6: =IF(L6,$F6,"") | N6: =IF(L6,K6*correlation!$J$26,"") | O6: =IF(AND(L6,ISNUMBER(correlation!$F$26)),N6*correlation!$F$26+correlation!$G$26,"") | P6: =IF(AND(L6,ISNUMBER(O6)),(M6-O6)^2,"") | Q6: =IF(L6,1+SUMPRODUCT(--(calc!$L$3:$L$306=TRUE),--(calc!$M$3:$M$306>M6))+(SUMPRODUCT(--(calc!$L$3:$L$306=TRUE),--(calc!$M$3:$M$306=M6))-1)/2,"") | R6: =IF(L6,1+SUMPRODUCT(--(calc!$L$3:$L$306=TRUE),--(calc!$N$3:$N$306>N6))+(SUMPRODUCT(--(calc!$L$3:$L$306=TRUE),--(calc!$N$3:$N$306=N6))-1)/2,"") | S6: =IF(L6,SUMPRODUCT(--(calc!$L$3:$L$306=TRUE),--(ROW(calc!$L$3:$L$306)>ROW(L6)),--(((calc!$Q$3:$Q$306>Q6)*(calc!$R$3:$R$306>R6)+(calc!$Q$3:$Q$306<Q6)*(calc!$R$3:$R$306<R6))>0))-SUMPRODUCT(--(calc!$L$3:$L$306=TRUE),--(ROW(calc!$L$3:$L$306)>ROW(L6)),--(((calc!$Q$3:$Q$306>Q6)*(calc!$R$3:$R$306<R6)+(calc!$Q$3:$Q$306<Q6)*(calc!$R$3:$R$306>R6))>0)),0) | T6: =IF(mos_metrics!H5="","",mos_metrics!H5) | U6: =AND($J6,ISNUMBER(T6),correlation!$I$27=1) | V6: =IF(U6,$F6,"") | W6: =IF(U6,T6*correlation!$J$27,"") | X6: =IF(AND(U6,ISNUMBER(correlation!$F$27)),W6*correlation!$F$27+correlation!$G$27,"") | Y6: =IF(AND(U6,ISNUMBER(X6)),(V6-X6)^2,"") | Z6: =IF(U6,1+SUMPRODUCT(--(calc!$U$3:$U$306=TRUE),--(calc!$V$3:$V$306>V6))+(SUMPRODUCT(--(calc!$U$3:$U$306=TRUE),--(calc!$V$3:$V$306=V6))-1)/2,"") | AA6: =IF(U6,1+SUMPRODUCT(--(calc!$U$3:$U$306=TRUE),--(calc!$W$3:$W$306>W6))+(SUMPRODUCT(--(calc!$U$3:$U$306=TRUE),--(calc!$W$3:$W$306=W6))-1)/2,"") | AB6: =IF(U6,SUMPRODUCT(--(calc!$U$3:$U$306=TRUE),--(ROW(calc!$U$3:$U$306)>ROW(U6)),--(((calc!$Z$3:$Z$306>Z6)*(calc!$AA$3:$AA$306>AA6)+(calc!$Z$3:$Z$306<Z6)*(calc!$AA$3:$AA$306<AA6))>0))-SUMPRODUCT(--(calc!$U$3:$U$306=TRUE),--(ROW(calc!$U$3:$U$306)>ROW(U6)),--(((calc!$Z$3:$Z$306>Z6)*(calc!$AA$3:$AA$306<AA6)+(calc!$Z$3:$Z$306<Z6)*(calc!$AA$3:$AA$306>AA6))>0)),0) | AC6: =IF(mos_metrics!I5="","",mos_metrics!I5) | AD6: =AND($J6,ISNUMBER(AC6),correlation!$I$28=1) | AE6: =IF(AD6,$F6,"") | AF6: =IF(AD6,AC6*correlation!$J$28,"") | AG6: =IF(AND(AD6,ISNUMBER(correlation!$F$28)),AF6*correlation!$F$28+correlation!$G$28,"") | AH6: =IF(AND(AD6,ISNUMBER(AG6)),(AE6-AG6)^2,"") | AI6: =IF(AD6,1+SUMPRODUCT(--(calc!$AD$3:$AD$306=TRUE),--(calc!$AE$3:$AE$306>AE6))+(SUMPRODUCT(--(calc!$AD$3:$AD$306=TRUE),--(calc!$AE$3:$AE$306=AE6))-1)/2,"") | AJ6: =IF(AD6,1+SUMPRODUCT(--(calc!$AD$3:$AD$306=TRUE),--(calc!$AF$3:$AF$306>AF6))+(SUMPRODUCT(--(calc!$AD$3:$AD$306=TRUE),--(calc!$AF$3:$AF$306=AF6))-1)/2,"") | AK6: =IF(AD6,SUMPRODUCT(--(calc!$AD$3:$AD$306=TRUE),--(ROW(calc!$AD$3:$AD$306)>ROW(AD6)),--(((calc!$AI$3:$AI$306>AI6)*(calc!$AJ$3:$AJ$306>AJ6)+(calc!$AI$3:$AI$306<AI6)*(calc!$AJ$3:$AJ$306<AJ6))>0))-SUMPRODUCT(--(calc!$AD$3:$AD$306=TRUE),--(ROW(calc!$AD$3:$AD$306)>ROW(AD6)),--(((calc!$AI$3:$AI$306>AI6)*(calc!$AJ$3:$AJ$306<AJ6)+(calc!$AI$3:$AI$306<AI6)*(calc!$AJ$3:$AJ$306>AJ6))>0)),0) | AL6: =IF(mos_metrics!J5="","",mos_metrics!J5) | AM6: =AND($J6,ISNUMBER(AL6),correlation!$I$29=1) | AN6: =IF(AM6,$F6,"") | AO6: =IF(AM6,AL6*correlation!$J$29,"") | AP6: =IF(AND(AM6,ISNUMBER(correlation!$F$29)),AO6*correlation!$F$29+correlation!$G$29,"") | AQ6: =IF(AND(AM6,ISNUMBER(AP6)),(AN6-AP6)^2,"") | AR6: =IF(AM6,1+SUMPRODUCT(--(calc!$AM$3:$AM$306=TRUE),--(calc!$AN$3:$AN$306>AN6))+(SUMPRODUCT(--(calc!$AM$3:$AM$306=TRUE),--(calc!$AN$3:$AN$306=AN6))-1)/2,"") | AS6: =IF(AM6,1+SUMPRODUCT(--(calc!$AM$3:$AM$306=TRUE),--(calc!$AO$3:$AO$306>AO6))+(SUMPRODUCT(--(calc!$AM$3:$AM$306=TRUE),--(calc!$AO$3:$AO$306=AO6))-1)/2,"") | AT6: =IF(AM6,SUMPRODUCT(--(calc!$AM$3:$AM$306=TRUE),--(ROW(calc!$AM$3:$AM$306)>ROW(AM6)),--(((calc!$AR$3:$AR$306>AR6)*(calc!$AS$3:$AS$306>AS6)+(calc!$AR$3:$AR$306<AR6)*(calc!$AS$3:$AS$306<AS6))>0))-SUMPRODUCT(--(calc!$AM$3:$AM$306=TRUE),--(ROW(calc!$AM$3:$AM$306)>ROW(AM6)),--(((calc!$AR$3:$AR$306>AR6)*(calc!$AS$3:$AS$306<AS6)+(calc!$AR$3:$AR$306<AR6)*(calc!$AS$3:$AS$306>AS6))>0)),0) | AU6: =IF(mos_metrics!K5="","",mos_metrics!K5) | AV6: =AND($J6,ISNUMBER(AU6),correlation!$I$30=1) | AW6: =IF(AV6,$F6,"") | AX6: =IF(AV6,AU6*correlation!$J$30,"") | AY6: =IF(AND(AV6,ISNUMBER(correlation!$F$30)),AX6*correlation!$F$30+correlation!$G$30,"") | AZ6: =IF(AND(AV6,ISNUMBER(AY6)),(AW6-AY6)^2,"") | BA6: =IF(AV6,1+SUMPRODUCT(--(calc!$AV$3:$AV$306=TRUE),--(calc!$AW$3:$AW$306>AW6))+(SUMPRODUCT(--(calc!$AV$3:$AV$306=TRUE),--(calc!$AW$3:$AW$306=AW6))-1)/2,"") | BB6: =IF(AV6,1+SUMPRODUCT(--(calc!$AV$3:$AV$306=TRUE),--(calc!$AX$3:$AX$306>AX6))+(SUMPRODUCT(--(calc!$AV$3:$AV$306=TRUE),--(calc!$AX$3:$AX$306=AX6))-1)/2,"") | BC6: =IF(AV6,SUMPRODUCT(--(calc!$AV$3:$AV$306=TRUE),--(ROW(calc!$AV$3:$AV$306)>ROW(AV6)),--(((calc!$BA$3:$BA$306>BA6)*(calc!$BB$3:$BB$306>BB6)+(calc!$BA$3:$BA$306<BA6)*(calc!$BB$3:$BB$306<BB6))>0))-SUMPRODUCT(--(calc!$AV$3:$AV$306=TRUE),--(ROW(calc!$AV$3:$AV$306)>ROW(AV6)),--(((calc!$BA$3:$BA$306>BA6)*(calc!$BB$3:$BB$306<BB6)+(calc!$BA$3:$BA$306<BA6)*(calc!$BB$3:$BB$306>BB6))>0)),0) | BD6: =IF(mos_metrics!L5="","",mos_metrics!L5) | BE6: =AND($J6,ISNUMBER(BD6),correlation!$I$31=1) | BF6: =IF(BE6,$F6,"") | BG6: =IF(BE6,BD6*correlation!$J$31,"") | BH6: =IF(AND(BE6,ISNUMBER(correlation!$F$31)),BG6*correlation!$F$31+correlation!$G$31,"") | BI6: =IF(AND(BE6,ISNUMBER(BH6)),(BF6-BH6)^2,"") | BJ6: =IF(BE6,1+SUMPRODUCT(--(calc!$BE$3:$BE$306=TRUE),--(calc!$BF$3:$BF$306>BF6))+(SUMPRODUCT(--(calc!$BE$3:$BE$306=TRUE),--(calc!$BF$3:$BF$306=BF6))-1)/2,"") | BK6: =IF(BE6,1+SUMPRODUCT(--(calc!$BE$3:$BE$306=TRUE),--(calc!$BG$3:$BG$306>BG6))+(SUMPRODUCT(--(calc!$BE$3:$BE$306=TRUE),--(calc!$BG$3:$BG$306=BG6))-1)/2,"") | BL6: =IF(BE6,SUMPRODUCT(--(calc!$BE$3:$BE$306=TRUE),--(ROW(calc!$BE$3:$BE$306)>ROW(BE6)),--(((calc!$BJ$3:$BJ$306>BJ6)*(calc!$BK$3:$BK$306>BK6)+(calc!$BJ$3:$BJ$306<BJ6)*(calc!$BK$3:$BK$306<BK6))>0))-SUMPRODUCT(--(calc!$BE$3:$BE$306=TRUE),--(ROW(calc!$BE$3:$BE$306)>ROW(BE6)),--(((calc!$BJ$3:$BJ$306>BJ6)*(calc!$BK$3:$BK$306<BK6)+(calc!$BJ$3:$BJ$306<BJ6)*(calc!$BK$3:$BK$306>BK6))>0)),0) | BM6: =IF(mos_metrics!M5="","",mos_metrics!M5) | BN6: =AND($J6,ISNUMBER(BM6),correlation!$I$32=1) | BO6: =IF(BN6,$F6,"") | BP6: =IF(BN6,BM6*correlation!$J$32,"") | BQ6: =IF(AND(BN6,ISNUMBER(correlation!$F$32)),BP6*correlation!$F$32+correlation!$G$32,"") | BR6: =IF(AND(BN6,ISNUMBER(BQ6)),(BO6-BQ6)^2,"") | BS6: =IF(BN6,1+SUMPRODUCT(--(calc!$BN$3:$BN$306=TRUE),--(calc!$BO$3:$BO$306>BO6))+(SUMPRODUCT(--(calc!$BN$3:$BN$306=TRUE),--(calc!$BO$3:$BO$306=BO6))-1)/2,"") | BT6: =IF(BN6,1+SUMPRODUCT(--(calc!$BN$3:$BN$306=TRUE),--(calc!$BP$3:$BP$306>BP6))+(SUMPRODUCT(--(calc!$BN$3:$BN$306=TRUE),--(calc!$BP$3:$BP$306=BP6))-1)/2,"") | BU6: =IF(BN6,SUMPRODUCT(--(calc!$BN$3:$BN$306=TRUE),--(ROW(calc!$BN$3:$BN$306)>ROW(BN6)),--(((calc!$BS$3:$BS$306>BS6)*(calc!$BT$3:$BT$306>BT6)+(calc!$BS$3:$BS$306<BS6)*(calc!$BT$3:$BT$306<BT6))>0))-SUMPRODUCT(--(calc!$BN$3:$BN$306=TRUE),--(ROW(calc!$BN$3:$BN$306)>ROW(BN6)),--(((calc!$BS$3:$BS$306>BS6)*(calc!$BT$3:$BT$306<BT6)+(calc!$BS$3:$BS$306<BS6)*(calc!$BT$3:$BT$306>BT6))>0)),0)
A7: =mos_metrics!A6 | B7: =mos_metrics!B6 | C7: =mos_metrics!C6 | D7: =mos_metrics!D6 | E7: =mos_metrics!E6 | F7: =mos_metrics!F6 | G7: =IF($B7="","",IFERROR(VLOOKUP($B7,correlation!$A$2:$B$16,2,FALSE),1)) | H7: =IF($E7="","",IFERROR(VLOOKUP($E7,correlation!$D$2:$E$8,2,FALSE),1)) | I7: =ISNUMBER($F7) | J7: =AND($G7=1,$H7=1,$I7) | K7: =IF(mos_metrics!G6="","",mos_metrics!G6) | L7: =AND($J7,ISNUMBER(K7),correlation!$I$26=1) | M7: =IF(L7,$F7,"") | N7: =IF(L7,K7*correlation!$J$26,"") | O7: =IF(AND(L7,ISNUMBER(correlation!$F$26)),N7*correlation!$F$26+correlation!$G$26,"") | P7: =IF(AND(L7,ISNUMBER(O7)),(M7-O7)^2,"") | Q7: =IF(L7,1+SUMPRODUCT(--(calc!$L$3:$L$306=TRUE),--(calc!$M$3:$M$306>M7))+(SUMPRODUCT(--(calc!$L$3:$L$306=TRUE),--(calc!$M$3:$M$306=M7))-1)/2,"") | R7: =IF(L7,1+SUMPRODUCT(--(calc!$L$3:$L$306=TRUE),--(calc!$N$3:$N$306>N7))+(SUMPRODUCT(--(calc!$L$3:$L$306=TRUE),--(calc!$N$3:$N$306=N7))-1)/2,"") | S7: =IF(L7,SUMPRODUCT(--(calc!$L$3:$L$306=TRUE),--(ROW(calc!$L$3:$L$306)>ROW(L7)),--(((calc!$Q$3:$Q$306>Q7)*(calc!$R$3:$R$306>R7)+(calc!$Q$3:$Q$306<Q7)*(calc!$R$3:$R$306<R7))>0))-SUMPRODUCT(--(calc!$L$3:$L$306=TRUE),--(ROW(calc!$L$3:$L$306)>ROW(L7)),--(((calc!$Q$3:$Q$306>Q7)*(calc!$R$3:$R$306<R7)+(calc!$Q$3:$Q$306<Q7)*(calc!$R$3:$R$306>R7))>0)),0) | T7: =IF(mos_metrics!H6="","",mos_metrics!H6) | U7: =AND($J7,ISNUMBER(T7),correlation!$I$27=1) | V7: =IF(U7,$F7,"") | W7: =IF(U7,T7*correlation!$J$27,"") | X7: =IF(AND(U7,ISNUMBER(correlation!$F$27)),W7*correlation!$F$27+correlation!$G$27,"") | Y7: =IF(AND(U7,ISNUMBER(X7)),(V7-X7)^2,"") | Z7: =IF(U7,1+SUMPRODUCT(--(calc!$U$3:$U$306=TRUE),--(calc!$V$3:$V$306>V7))+(SUMPRODUCT(--(calc!$U$3:$U$306=TRUE),--(calc!$V$3:$V$306=V7))-1)/2,"") | AA7: =IF(U7,1+SUMPRODUCT(--(calc!$U$3:$U$306=TRUE),--(calc!$W$3:$W$306>W7))+(SUMPRODUCT(--(calc!$U$3:$U$306=TRUE),--(calc!$W$3:$W$306=W7))-1)/2,"") | AB7: =IF(U7,SUMPRODUCT(--(calc!$U$3:$U$306=TRUE),--(ROW(calc!$U$3:$U$306)>ROW(U7)),--(((calc!$Z$3:$Z$306>Z7)*(calc!$AA$3:$AA$306>AA7)+(calc!$Z$3:$Z$306<Z7)*(calc!$AA$3:$AA$306<AA7))>0))-SUMPRODUCT(--(calc!$U$3:$U$306=TRUE),--(ROW(calc!$U$3:$U$306)>ROW(U7)),--(((calc!$Z$3:$Z$306>Z7)*(calc!$AA$3:$AA$306<AA7)+(calc!$Z$3:$Z$306<Z7)*(calc!$AA$3:$AA$306>AA7))>0)),0) | AC7: =IF(mos_metrics!I6="","",mos_metrics!I6) | AD7: =AND($J7,ISNUMBER(AC7),correlation!$I$28=1) | AE7: =IF(AD7,$F7,"") | AF7: =IF(AD7,AC7*correlation!$J$28,"") | AG7: =IF(AND(AD7,ISNUMBER(correlation!$F$28)),AF7*correlation!$F$28+correlation!$G$28,"") | AH7: =IF(AND(AD7,ISNUMBER(AG7)),(AE7-AG7)^2,"") | AI7: =IF(AD7,1+SUMPRODUCT(--(calc!$AD$3:$AD$306=TRUE),--(calc!$AE$3:$AE$306>AE7))+(SUMPRODUCT(--(calc!$AD$3:$AD$306=TRUE),--(calc!$AE$3:$AE$306=AE7))-1)/2,"") | AJ7: =IF(AD7,1+SUMPRODUCT(--(calc!$AD$3:$AD$306=TRUE),--(calc!$AF$3:$AF$306>AF7))+(SUMPRODUCT(--(calc!$AD$3:$AD$306=TRUE),--(calc!$AF$3:$AF$306=AF7))-1)/2,"") | AK7: =IF(AD7,SUMPRODUCT(--(calc!$AD$3:$AD$306=TRUE),--(ROW(calc!$AD$3:$AD$306)>ROW(AD7)),--(((calc!$AI$3:$AI$306>AI7)*(calc!$AJ$3:$AJ$306>AJ7)+(calc!$AI$3:$AI$306<AI7)*(calc!$AJ$3:$AJ$306<AJ7))>0))-SUMPRODUCT(--(calc!$AD$3:$AD$306=TRUE),--(ROW(calc!$AD$3:$AD$306)>ROW(AD7)),--(((calc!$AI$3:$AI$306>AI7)*(calc!$AJ$3:$AJ$306<AJ7)+(calc!$AI$3:$AI$306<AI7)*(calc!$AJ$3:$AJ$306>AJ7))>0)),0) | AL7: =IF(mos_metrics!J6="","",mos_metrics!J6) | AM7: =AND($J7,ISNUMBER(AL7),correlation!$I$29=1) | AN7: =IF(AM7,$F7,"") | AO7: =IF(AM7,AL7*correlation!$J$29,"") | AP7: =IF(AND(AM7,ISNUMBER(correlation!$F$29)),AO7*correlation!$F$29+correlation!$G$29,"") | AQ7: =IF(AND(AM7,ISNUMBER(AP7)),(AN7-AP7)^2,"") | AR7: =IF(AM7,1+SUMPRODUCT(--(calc!$AM$3:$AM$306=TRUE),--(calc!$AN$3:$AN$306>AN7))+(SUMPRODUCT(--(calc!$AM$3:$AM$306=TRUE),--(calc!$AN$3:$AN$306=AN7))-1)/2,"") | AS7: =IF(AM7,1+SUMPRODUCT(--(calc!$AM$3:$AM$306=TRUE),--(calc!$AO$3:$AO$306>AO7))+(SUMPRODUCT(--(calc!$AM$3:$AM$306=TRUE),--(calc!$AO$3:$AO$306=AO7))-1)/2,"") | AT7: =IF(AM7,SUMPRODUCT(--(calc!$AM$3:$AM$306=TRUE),--(ROW(calc!$AM$3:$AM$306)>ROW(AM7)),--(((calc!$AR$3:$AR$306>AR7)*(calc!$AS$3:$AS$306>AS7)+(calc!$AR$3:$AR$306<AR7)*(calc!$AS$3:$AS$306<AS7))>0))-SUMPRODUCT(--(calc!$AM$3:$AM$306=TRUE),--(ROW(calc!$AM$3:$AM$306)>ROW(AM7)),--(((calc!$AR$3:$AR$306>AR7)*(calc!$AS$3:$AS$306<AS7)+(calc!$AR$3:$AR$306<AR7)*(calc!$AS$3:$AS$306>AS7))>0)),0) | AU7: =IF(mos_metrics!K6="","",mos_metrics!K6) | AV7: =AND($J7,ISNUMBER(AU7),correlation!$I$30=1) | AW7: =IF(AV7,$F7,"") | AX7: =IF(AV7,AU7*correlation!$J$30,"") | AY7: =IF(AND(AV7,ISNUMBER(correlation!$F$30)),AX7*correlation!$F$30+correlation!$G$30,"") | AZ7: =IF(AND(AV7,ISNUMBER(AY7)),(AW7-AY7)^2,"") | BA7: =IF(AV7,1+SUMPRODUCT(--(calc!$AV$3:$AV$306=TRUE),--(calc!$AW$3:$AW$306>AW7))+(SUMPRODUCT(--(calc!$AV$3:$AV$306=TRUE),--(calc!$AW$3:$AW$306=AW7))-1)/2,"") | BB7: =IF(AV7,1+SUMPRODUCT(--(calc!$AV$3:$AV$306=TRUE),--(calc!$AX$3:$AX$306>AX7))+(SUMPRODUCT(--(calc!$AV$3:$AV$306=TRUE),--(calc!$AX$3:$AX$306=AX7))-1)/2,"") | BC7: =IF(AV7,SUMPRODUCT(--(calc!$AV$3:$AV$306=TRUE),--(ROW(calc!$AV$3:$AV$306)>ROW(AV7)),--(((calc!$BA$3:$BA$306>BA7)*(calc!$BB$3:$BB$306>BB7)+(calc!$BA$3:$BA$306<BA7)*(calc!$BB$3:$BB$306<BB7))>0))-SUMPRODUCT(--(calc!$AV$3:$AV$306=TRUE),--(ROW(calc!$AV$3:$AV$306)>ROW(AV7)),--(((calc!$BA$3:$BA$306>BA7)*(calc!$BB$3:$BB$306<BB7)+(calc!$BA$3:$BA$306<BA7)*(calc!$BB$3:$BB$306>BB7))>0)),0) | BD7: =IF(mos_metrics!L6="","",mos_metrics!L6) | BE7: =AND($J7,ISNUMBER(BD7),correlation!$I$31=1) | BF7: =IF(BE7,$F7,"") | BG7: =IF(BE7,BD7*correlation!$J$31,"") | BH7: =IF(AND(BE7,ISNUMBER(correlation!$F$31)),BG7*correlation!$F$31+correlation!$G$31,"") | BI7: =IF(AND(BE7,ISNUMBER(BH7)),(BF7-BH7)^2,"") | BJ7: =IF(BE7,1+SUMPRODUCT(--(calc!$BE$3:$BE$306=TRUE),--(calc!$BF$3:$BF$306>BF7))+(SUMPRODUCT(--(calc!$BE$3:$BE$306=TRUE),--(calc!$BF$3:$BF$306=BF7))-1)/2,"") | BK7: =IF(BE7,1+SUMPRODUCT(--(calc!$BE$3:$BE$306=TRUE),--(calc!$BG$3:$BG$306>BG7))+(SUMPRODUCT(--(calc!$BE$3:$BE$306=TRUE),--(calc!$BG$3:$BG$306=BG7))-1)/2,"") | BL7: =IF(BE7,SUMPRODUCT(--(calc!$BE$3:$BE$306=TRUE),--(ROW(calc!$BE$3:$BE$306)>ROW(BE7)),--(((calc!$BJ$3:$BJ$306>BJ7)*(calc!$BK$3:$BK$306>BK7)+(calc!$BJ$3:$BJ$306<BJ7)*(calc!$BK$3:$BK$306<BK7))>0))-SUMPRODUCT(--(calc!$BE$3:$BE$306=TRUE),--(ROW(calc!$BE$3:$BE$306)>ROW(BE7)),--(((calc!$BJ$3:$BJ$306>BJ7)*(calc!$BK$3:$BK$306<BK7)+(calc!$BJ$3:$BJ$306<BJ7)*(calc!$BK$3:$BK$306>BK7))>0)),0) | BM7: =IF(mos_metrics!M6="","",mos_metrics!M6) | BN7: =AND($J7,ISNUMBER(BM7),correlation!$I$32=1) | BO7: =IF(BN7,$F7,"") | BP7: =IF(BN7,BM7*correlation!$J$32,"") | BQ7: =IF(AND(BN7,ISNUMBER(correlation!$F$32)),BP7*correlation!$F$32+correlation!$G$32,"") | BR7: =IF(AND(BN7,ISNUMBER(BQ7)),(BO7-BQ7)^2,"") | BS7: =IF(BN7,1+SUMPRODUCT(--(calc!$BN$3:$BN$306=TRUE),--(calc!$BO$3:$BO$306>BO7))+(SUMPRODUCT(--(calc!$BN$3:$BN$306=TRUE),--(calc!$BO$3:$BO$306=BO7))-1)/2,"") | BT7: =IF(BN7,1+SUMPRODUCT(--(calc!$BN$3:$BN$306=TRUE),--(calc!$BP$3:$BP$306>BP7))+(SUMPRODUCT(--(calc!$BN$3:$BN$306=TRUE),--(calc!$BP$3:$BP$306=BP7))-1)/2,"") | BU7: =IF(BN7,SUMPRODUCT(--(calc!$BN$3:$BN$306=TRUE),--(ROW(calc!$BN$3:$BN$306)>ROW(BN7)),--(((calc!$BS$3:$BS$306>BS7)*(calc!$BT$3:$BT$306>BT7)+(calc!$BS$3:$BS$306<BS7)*(calc!$BT$3:$BT$306<BT7))>0))-SUMPRODUCT(--(calc!$BN$3:$BN$306=TRUE),--(ROW(calc!$BN$3:$BN$306)>ROW(BN7)),--(((calc!$BS$3:$BS$306>BS7)*(calc!$BT$3:$BT$306<BT7)+(calc!$BS$3:$BS$306<BS7)*(calc!$BT$3:$BT$306>BT7))>0)),0)
A8: =mos_metrics!A7 | B8: =mos_metrics!B7 | C8: =mos_metrics!C7 | D8: =mos_metrics!D7 | E8: =mos_metrics!E7 | F8: =mos_metrics!F7 | G8: =IF($B8="","",IFERROR(VLOOKUP($B8,correlation!$A$2:$B$16,2,FALSE),1)) | H8: =IF($E8="","",IFERROR(VLOOKUP($E8,correlation!$D$2:$E$8,2,FALSE),1)) | I8: =ISNUMBER($F8) | J8: =AND($G8=1,$H8=1,$I8) | K8: =IF(mos_metrics!G7="","",mos_metrics!G7) | L8: =AND($J8,ISNUMBER(K8),correlation!$I$26=1) | M8: =IF(L8,$F8,"") | N8: =IF(L8,K8*correlation!$J$26,"") | O8: =IF(AND(L8,ISNUMBER(correlation!$F$26)),N8*correlation!$F$26+correlation!$G$26,"") | P8: =IF(AND(L8,ISNUMBER(O8)),(M8-O8)^2,"") | Q8: =IF(L8,1+SUMPRODUCT(--(calc!$L$3:$L$306=TRUE),--(calc!$M$3:$M$306>M8))+(SUMPRODUCT(--(calc!$L$3:$L$306=TRUE),--(calc!$M$3:$M$306=M8))-1)/2,"") | R8: =IF(L8,1+SUMPRODUCT(--(calc!$L$3:$L$306=TRUE),--(calc!$N$3:$N$306>N8))+(SUMPRODUCT(--(calc!$L$3:$L$306=TRUE),--(calc!$N$3:$N$306=N8))-1)/2,"") | S8: =IF(L8,SUMPRODUCT(--(calc!$L$3:$L$306=TRUE),--(ROW(calc!$L$3:$L$306)>ROW(L8)),--(((calc!$Q$3:$Q$306>Q8)*(calc!$R$3:$R$306>R8)+(calc!$Q$3:$Q$306<Q8)*(calc!$R$3:$R$306<R8))>0))-SUMPRODUCT(--(calc!$L$3:$L$306=TRUE),--(ROW(calc!$L$3:$L$306)>ROW(L8)),--(((calc!$Q$3:$Q$306>Q8)*(calc!$R$3:$R$306<R8)+(calc!$Q$3:$Q$306<Q8)*(calc!$R$3:$R$306>R8))>0)),0) | T8: =IF(mos_metrics!H7="","",mos_metrics!H7) | U8: =AND($J8,ISNUMBER(T8),correlation!$I$27=1) | V8: =IF(U8,$F8,"") | W8: =IF(U8,T8*correlation!$J$27,"") | X8: =IF(AND(U8,ISNUMBER(correlation!$F$27)),W8*correlation!$F$27+correlation!$G$27,"") | Y8: =IF(AND(U8,ISNUMBER(X8)),(V8-X8)^2,"") | Z8: =IF(U8,1+SUMPRODUCT(--(calc!$U$3:$U$306=TRUE),--(calc!$V$3:$V$306>V8))+(SUMPRODUCT(--(calc!$U$3:$U$306=TRUE),--(calc!$V$3:$V$306=V8))-1)/2,"") | AA8: =IF(U8,1+SUMPRODUCT(--(calc!$U$3:$U$306=TRUE),--(calc!$W$3:$W$306>W8))+(SUMPRODUCT(--(calc!$U$3:$U$306=TRUE),--(calc!$W$3:$W$306=W8))-1)/2,"") | AB8: =IF(U8,SUMPRODUCT(--(calc!$U$3:$U$306=TRUE),--(ROW(calc!$U$3:$U$306)>ROW(U8)),--(((calc!$Z$3:$Z$306>Z8)*(calc!$AA$3:$AA$306>AA8)+(calc!$Z$3:$Z$306<Z8)*(calc!$AA$3:$AA$306<AA8))>0))-SUMPRODUCT(--(calc!$U$3:$U$306=TRUE),--(ROW(calc!$U$3:$U$306)>ROW(U8)),--(((calc!$Z$3:$Z$306>Z8)*(calc!$AA$3:$AA$306<AA8)+(calc!$Z$3:$Z$306<Z8)*(calc!$AA$3:$AA$306>AA8))>0)),0) | AC8: =IF(mos_metrics!I7="","",mos_metrics!I7) | AD8: =AND($J8,ISNUMBER(AC8),correlation!$I$28=1) | AE8: =IF(AD8,$F8,"") | AF8: =IF(AD8,AC8*correlation!$J$28,"") | AG8: =IF(AND(AD8,ISNUMBER(correlation!$F$28)),AF8*correlation!$F$28+correlation!$G$28,"") | AH8: =IF(AND(AD8,ISNUMBER(AG8)),(AE8-AG8)^2,"") | AI8: =IF(AD8,1+SUMPRODUCT(--(calc!$AD$3:$AD$306=TRUE),--(calc!$AE$3:$AE$306>AE8))+(SUMPRODUCT(--(calc!$AD$3:$AD$306=TRUE),--(calc!$AE$3:$AE$306=AE8))-1)/2,"") | AJ8: =IF(AD8,1+SUMPRODUCT(--(calc!$AD$3:$AD$306=TRUE),--(calc!$AF$3:$AF$306>AF8))+(SUMPRODUCT(--(calc!$AD$3:$AD$306=TRUE),--(calc!$AF$3:$AF$306=AF8))-1)/2,"") | AK8: =IF(AD8,SUMPRODUCT(--(calc!$AD$3:$AD$306=TRUE),--(ROW(calc!$AD$3:$AD$306)>ROW(AD8)),--(((calc!$AI$3:$AI$306>AI8)*(calc!$AJ$3:$AJ$306>AJ8)+(calc!$AI$3:$AI$306<AI8)*(calc!$AJ$3:$AJ$306<AJ8))>0))-SUMPRODUCT(--(calc!$AD$3:$AD$306=TRUE),--(ROW(calc!$AD$3:$AD$306)>ROW(AD8)),--(((calc!$AI$3:$AI$306>AI8)*(calc!$AJ$3:$AJ$306<AJ8)+(calc!$AI$3:$AI$306<AI8)*(calc!$AJ$3:$AJ$306>AJ8))>0)),0) | AL8: =IF(mos_metrics!J7="","",mos_metrics!J7) | AM8: =AND($J8,ISNUMBER(AL8),correlation!$I$29=1) | AN8: =IF(AM8,$F8,"") | AO8: =IF(AM8,AL8*correlation!$J$29,"") | AP8: =IF(AND(AM8,ISNUMBER(correlation!$F$29)),AO8*correlation!$F$29+correlation!$G$29,"") | AQ8: =IF(AND(AM8,ISNUMBER(AP8)),(AN8-AP8)^2,"") | AR8: =IF(AM8,1+SUMPRODUCT(--(calc!$AM$3:$AM$306=TRUE),--(calc!$AN$3:$AN$306>AN8))+(SUMPRODUCT(--(calc!$AM$3:$AM$306=TRUE),--(calc!$AN$3:$AN$306=AN8))-1)/2,"") | AS8: =IF(AM8,1+SUMPRODUCT(--(calc!$AM$3:$AM$306=TRUE),--(calc!$AO$3:$AO$306>AO8))+(SUMPRODUCT(--(calc!$AM$3:$AM$306=TRUE),--(calc!$AO$3:$AO$306=AO8))-1)/2,"") | AT8: =IF(AM8,SUMPRODUCT(--(calc!$AM$3:$AM$306=TRUE),--(ROW(calc!$AM$3:$AM$306)>ROW(AM8)),--(((calc!$AR$3:$AR$306>AR8)*(calc!$AS$3:$AS$306>AS8)+(calc!$AR$3:$AR$306<AR8)*(calc!$AS$3:$AS$306<AS8))>0))-SUMPRODUCT(--(calc!$AM$3:$AM$306=TRUE),--(ROW(calc!$AM$3:$AM$306)>ROW(AM8)),--(((calc!$AR$3:$AR$306>AR8)*(calc!$AS$3:$AS$306<AS8)+(calc!$AR$3:$AR$306<AR8)*(calc!$AS$3:$AS$306>AS8))>0)),0) | AU8: =IF(mos_metrics!K7="","",mos_metrics!K7) | AV8: =AND($J8,ISNUMBER(AU8),correlation!$I$30=1) | AW8: =IF(AV8,$F8,"") | AX8: =IF(AV8,AU8*correlation!$J$30,"") | AY8: =IF(AND(AV8,ISNUMBER(correlation!$F$30)),AX8*correlation!$F$30+correlation!$G$30,"") | AZ8: =IF(AND(AV8,ISNUMBER(AY8)),(AW8-AY8)^2,"") | BA8: =IF(AV8,1+SUMPRODUCT(--(calc!$AV$3:$AV$306=TRUE),--(calc!$AW$3:$AW$306>AW8))+(SUMPRODUCT(--(calc!$AV$3:$AV$306=TRUE),--(calc!$AW$3:$AW$306=AW8))-1)/2,"") | BB8: =IF(AV8,1+SUMPRODUCT(--(calc!$AV$3:$AV$306=TRUE),--(calc!$AX$3:$AX$306>AX8))+(SUMPRODUCT(--(calc!$AV$3:$AV$306=TRUE),--(calc!$AX$3:$AX$306=AX8))-1)/2,"") | BC8: =IF(AV8,SUMPRODUCT(--(calc!$AV$3:$AV$306=TRUE),--(ROW(calc!$AV$3:$AV$306)>ROW(AV8)),--(((calc!$BA$3:$BA$306>BA8)*(calc!$BB$3:$BB$306>BB8)+(calc!$BA$3:$BA$306<BA8)*(calc!$BB$3:$BB$306<BB8))>0))-SUMPRODUCT(--(calc!$AV$3:$AV$306=TRUE),--(ROW(calc!$AV$3:$AV$306)>ROW(AV8)),--(((calc!$BA$3:$BA$306>BA8)*(calc!$BB$3:$BB$306<BB8)+(calc!$BA$3:$BA$306<BA8)*(calc!$BB$3:$BB$306>BB8))>0)),0) | BD8: =IF(mos_metrics!L7="","",mos_metrics!L7) | BE8: =AND($J8,ISNUMBER(BD8),correlation!$I$31=1) | BF8: =IF(BE8,$F8,"") | BG8: =IF(BE8,BD8*correlation!$J$31,"") | BH8: =IF(AND(BE8,ISNUMBER(correlation!$F$31)),BG8*correlation!$F$31+correlation!$G$31,"") | BI8: =IF(AND(BE8,ISNUMBER(BH8)),(BF8-BH8)^2,"") | BJ8: =IF(BE8,1+SUMPRODUCT(--(calc!$BE$3:$BE$306=TRUE),--(calc!$BF$3:$BF$306>BF8))+(SUMPRODUCT(--(calc!$BE$3:$BE$306=TRUE),--(calc!$BF$3:$BF$306=BF8))-1)/2,"") | BK8: =IF(BE8,1+SUMPRODUCT(--(calc!$BE$3:$BE$306=TRUE),--(calc!$BG$3:$BG$306>BG8))+(SUMPRODUCT(--(calc!$BE$3:$BE$306=TRUE),--(calc!$BG$3:$BG$306=BG8))-1)/2,"") | BL8: =IF(BE8,SUMPRODUCT(--(calc!$BE$3:$BE$306=TRUE),--(ROW(calc!$BE$3:$BE$306)>ROW(BE8)),--(((calc!$BJ$3:$BJ$306>BJ8)*(calc!$BK$3:$BK$306>BK8)+(calc!$BJ$3:$BJ$306<BJ8)*(calc!$BK$3:$BK$306<BK8))>0))-SUMPRODUCT(--(calc!$BE$3:$BE$306=TRUE),--(ROW(calc!$BE$3:$BE$306)>ROW(BE8)),--(((calc!$BJ$3:$BJ$306>BJ8)*(calc!$BK$3:$BK$306<BK8)+(calc!$BJ$3:$BJ$306<BJ8)*(calc!$BK$3:$BK$306>BK8))>0)),0) | BM8: =IF(mos_metrics!M7="","",mos_metrics!M7) | BN8: =AND($J8,ISNUMBER(BM8),correlation!$I$32=1) | BO8: =IF(BN8,$F8,"") | BP8: =IF(BN8,BM8*correlation!$J$32,"") | BQ8: =IF(AND(BN8,ISNUMBER(correlation!$F$32)),BP8*correlation!$F$32+correlation!$G$32,"") | BR8: =IF(AND(BN8,ISNUMBER(BQ8)),(BO8-BQ8)^2,"") | BS8: =IF(BN8,1+SUMPRODUCT(--(calc!$BN$3:$BN$306=TRUE),--(calc!$BO$3:$BO$306>BO8))+(SUMPRODUCT(--(calc!$BN$3:$BN$306=TRUE),--(calc!$BO$3:$BO$306=BO8))-1)/2,"") | BT8: =IF(BN8,1+SUMPRODUCT(--(calc!$BN$3:$BN$306=TRUE),--(calc!$BP$3:$BP$306>BP8))+(SUMPRODUCT(--(calc!$BN$3:$BN$306=TRUE),--(calc!$BP$3:$BP$306=BP8))-1)/2,"") | BU8: =IF(BN8,SUMPRODUCT(--(calc!$BN$3:$BN$306=TRUE),--(ROW(calc!$BN$3:$BN$306)>ROW(BN8)),--(((calc!$BS$3:$BS$306>BS8)*(calc!$BT$3:$BT$306>BT8)+(calc!$BS$3:$BS$306<BS8)*(calc!$BT$3:$BT$306<BT8))>0))-SUMPRODUCT(--(calc!$BN$3:$BN$306=TRUE),--(ROW(calc!$BN$3:$BN$306)>ROW(BN8)),--(((calc!$BS$3:$BS$306>BS8)*(calc!$BT$3:$BT$306<BT8)+(calc!$BS$3:$BS$306<BS8)*(calc!$BT$3:$BT$306>BT8))>0)),0)
A9: =mos_metrics!A8 | B9: =mos_metrics!B8 | C9: =mos_metrics!C8 | D9: =mos_metrics!D8 | E9: =mos_metrics!E8 | F9: =mos_metrics!F8 | G9: =IF($B9="","",IFERROR(VLOOKUP($B9,correlation!$A$2:$B$16,2,FALSE),1)) | H9: =IF($E9="","",IFERROR(VLOOKUP($E9,correlation!$D$2:$E$8,2,FALSE),1)) | I9: =ISNUMBER($F9) | J9: =AND($G9=1,$H9=1,$I9) | K9: =IF(mos_metrics!G8="","",mos_metrics!G8) | L9: =AND($J9,ISNUMBER(K9),correlation!$I$26=1) | M9: =IF(L9,$F9,"") | N9: =IF(L9,K9*correlation!$J$26,"") | O9: =IF(AND(L9,ISNUMBER(correlation!$F$26)),N9*correlation!$F$26+correlation!$G$26,"") | P9: =IF(AND(L9,ISNUMBER(O9)),(M9-O9)^2,"") | Q9: =IF(L9,1+SUMPRODUCT(--(calc!$L$3:$L$306=TRUE),--(calc!$M$3:$M$306>M9))+(SUMPRODUCT(--(calc!$L$3:$L$306=TRUE),--(calc!$M$3:$M$306=M9))-1)/2,"") | R9: =IF(L9,1+SUMPRODUCT(--(calc!$L$3:$L$306=TRUE),--(calc!$N$3:$N$306>N9))+(SUMPRODUCT(--(calc!$L$3:$L$306=TRUE),--(calc!$N$3:$N$306=N9))-1)/2,"") | S9: =IF(L9,SUMPRODUCT(--(calc!$L$3:$L$306=TRUE),--(ROW(calc!$L$3:$L$306)>ROW(L9)),--(((calc!$Q$3:$Q$306>Q9)*(calc!$R$3:$R$306>R9)+(calc!$Q$3:$Q$306<Q9)*(calc!$R$3:$R$306<R9))>0))-SUMPRODUCT(--(calc!$L$3:$L$306=TRUE),--(ROW(calc!$L$3:$L$306)>ROW(L9)),--(((calc!$Q$3:$Q$306>Q9)*(calc!$R$3:$R$306<R9)+(calc!$Q$3:$Q$306<Q9)*(calc!$R$3:$R$306>R9))>0)),0) | T9: =IF(mos_metrics!H8="","",mos_metrics!H8) | U9: =AND($J9,ISNUMBER(T9),correlation!$I$27=1) | V9: =IF(U9,$F9,"") | W9: =IF(U9,T9*correlation!$J$27,"") | X9: =IF(AND(U9,ISNUMBER(correlation!$F$27)),W9*correlation!$F$27+correlation!$G$27,"") | Y9: =IF(AND(U9,ISNUMBER(X9)),(V9-X9)^2,"") | Z9: =IF(U9,1+SUMPRODUCT(--(calc!$U$3:$U$306=TRUE),--(calc!$V$3:$V$306>V9))+(SUMPRODUCT(--(calc!$U$3:$U$306=TRUE),--(calc!$V$3:$V$306=V9))-1)/2,"") | AA9: =IF(U9,1+SUMPRODUCT(--(calc!$U$3:$U$306=TRUE),--(calc!$W$3:$W$306>W9))+(SUMPRODUCT(--(calc!$U$3:$U$306=TRUE),--(calc!$W$3:$W$306=W9))-1)/2,"") | AB9: =IF(U9,SUMPRODUCT(--(calc!$U$3:$U$306=TRUE),--(ROW(calc!$U$3:$U$306)>ROW(U9)),--(((calc!$Z$3:$Z$306>Z9)*(calc!$AA$3:$AA$306>AA9)+(calc!$Z$3:$Z$306<Z9)*(calc!$AA$3:$AA$306<AA9))>0))-SUMPRODUCT(--(calc!$U$3:$U$306=TRUE),--(ROW(calc!$U$3:$U$306)>ROW(U9)),--(((calc!$Z$3:$Z$306>Z9)*(calc!$AA$3:$AA$306<AA9)+(calc!$Z$3:$Z$306<Z9)*(calc!$AA$3:$AA$306>AA9))>0)),0) | AC9: =IF(mos_metrics!I8="","",mos_metrics!I8) | AD9: =AND($J9,ISNUMBER(AC9),correlation!$I$28=1) | AE9: =IF(AD9,$F9,"") | AF9: =IF(AD9,AC9*correlation!$J$28,"") | AG9: =IF(AND(AD9,ISNUMBER(correlation!$F$28)),AF9*correlation!$F$28+correlation!$G$28,"") | AH9: =IF(AND(AD9,ISNUMBER(AG9)),(AE9-AG9)^2,"") | AI9: =IF(AD9,1+SUMPRODUCT(--(calc!$AD$3:$AD$306=TRUE),--(calc!$AE$3:$AE$306>AE9))+(SUMPRODUCT(--(calc!$AD$3:$AD$306=TRUE),--(calc!$AE$3:$AE$306=AE9))-1)/2,"") | AJ9: =IF(AD9,1+SUMPRODUCT(--(calc!$AD$3:$AD$306=TRUE),--(calc!$AF$3:$AF$306>AF9))+(SUMPRODUCT(--(calc!$AD$3:$AD$306=TRUE),--(calc!$AF$3:$AF$306=AF9))-1)/2,"") | AK9: =IF(AD9,SUMPRODUCT(--(calc!$AD$3:$AD$306=TRUE),--(ROW(calc!$AD$3:$AD$306)>ROW(AD9)),--(((calc!$AI$3:$AI$306>AI9)*(calc!$AJ$3:$AJ$306>AJ9)+(calc!$AI$3:$AI$306<AI9)*(calc!$AJ$3:$AJ$306<AJ9))>0))-SUMPRODUCT(--(calc!$AD$3:$AD$306=TRUE),--(ROW(calc!$AD$3:$AD$306)>ROW(AD9)),--(((calc!$AI$3:$AI$306>AI9)*(calc!$AJ$3:$AJ$306<AJ9)+(calc!$AI$3:$AI$306<AI9)*(calc!$AJ$3:$AJ$306>AJ9))>0)),0) | AL9: =IF(mos_metrics!J8="","",mos_metrics!J8) | AM9: =AND($J9,ISNUMBER(AL9),correlation!$I$29=1) | AN9: =IF(AM9,$F9,"") | AO9: =IF(AM9,AL9*correlation!$J$29,"") | AP9: =IF(AND(AM9,ISNUMBER(correlation!$F$29)),AO9*correlation!$F$29+correlation!$G$29,"") | AQ9: =IF(AND(AM9,ISNUMBER(AP9)),(AN9-AP9)^2,"") | AR9: =IF(AM9,1+SUMPRODUCT(--(calc!$AM$3:$AM$306=TRUE),--(calc!$AN$3:$AN$306>AN9))+(SUMPRODUCT(--(calc!$AM$3:$AM$306=TRUE),--(calc!$AN$3:$AN$306=AN9))-1)/2,"") | AS9: =IF(AM9,1+SUMPRODUCT(--(calc!$AM$3:$AM$306=TRUE),--(calc!$AO$3:$AO$306>AO9))+(SUMPRODUCT(--(calc!$AM$3:$AM$306=TRUE),--(calc!$AO$3:$AO$306=AO9))-1)/2,"") | AT9: =IF(AM9,SUMPRODUCT(--(calc!$AM$3:$AM$306=TRUE),--(ROW(calc!$AM$3:$AM$306)>ROW(AM9)),--(((calc!$AR$3:$AR$306>AR9)*(calc!$AS$3:$AS$306>AS9)+(calc!$AR$3:$AR$306<AR9)*(calc!$AS$3:$AS$306<AS9))>0))-SUMPRODUCT(--(calc!$AM$3:$AM$306=TRUE),--(ROW(calc!$AM$3:$AM$306)>ROW(AM9)),--(((calc!$AR$3:$AR$306>AR9)*(calc!$AS$3:$AS$306<AS9)+(calc!$AR$3:$AR$306<AR9)*(calc!$AS$3:$AS$306>AS9))>0)),0) | AU9: =IF(mos_metrics!K8="","",mos_metrics!K8) | AV9: =AND($J9,ISNUMBER(AU9),correlation!$I$30=1) | AW9: =IF(AV9,$F9,"") | AX9: =IF(AV9,AU9*correlation!$J$30,"") | AY9: =IF(AND(AV9,ISNUMBER(correlation!$F$30)),AX9*correlation!$F$30+correlation!$G$30,"") | AZ9: =IF(AND(AV9,ISNUMBER(AY9)),(AW9-AY9)^2,"") | BA9: =IF(AV9,1+SUMPRODUCT(--(calc!$AV$3:$AV$306=TRUE),--(calc!$AW$3:$AW$306>AW9))+(SUMPRODUCT(--(calc!$AV$3:$AV$306=TRUE),--(calc!$AW$3:$AW$306=AW9))-1)/2,"") | BB9: =IF(AV9,1+SUMPRODUCT(--(calc!$AV$3:$AV$306=TRUE),--(calc!$AX$3:$AX$306>AX9))+(SUMPRODUCT(--(calc!$AV$3:$AV$306=TRUE),--(calc!$AX$3:$AX$306=AX9))-1)/2,"") | BC9: =IF(AV9,SUMPRODUCT(--(calc!$AV$3:$AV$306=TRUE),--(ROW(calc!$AV$3:$AV$306)>ROW(AV9)),--(((calc!$BA$3:$BA$306>BA9)*(calc!$BB$3:$BB$306>BB9)+(calc!$BA$3:$BA$306<BA9)*(calc!$BB$3:$BB$306<BB9))>0))-SUMPRODUCT(--(calc!$AV$3:$AV$306=TRUE),--(ROW(calc!$AV$3:$AV$306)>ROW(AV9)),--(((calc!$BA$3:$BA$306>BA9)*(calc!$BB$3:$BB$306<BB9)+(calc!$BA$3:$BA$306<BA9)*(calc!$BB$3:$BB$306>BB9))>0)),0) | BD9: =IF(mos_metrics!L8="","",mos_metrics!L8) | BE9: =AND($J9,ISNUMBER(BD9),correlation!$I$31=1) | BF9: =IF(BE9,$F9,"") | BG9: =IF(BE9,BD9*correlation!$J$31,"") | BH9: =IF(AND(BE9,ISNUMBER(correlation!$F$31)),BG9*correlation!$F$31+correlation!$G$31,"") | BI9: =IF(AND(BE9,ISNUMBER(BH9)),(BF9-BH9)^2,"") | BJ9: =IF(BE9,1+SUMPRODUCT(--(calc!$BE$3:$BE$306=TRUE),--(calc!$BF$3:$BF$306>BF9))+(SUMPRODUCT(--(calc!$BE$3:$BE$306=TRUE),--(calc!$BF$3:$BF$306=BF9))-1)/2,"") | BK9: =IF(BE9,1+SUMPRODUCT(--(calc!$BE$3:$BE$306=TRUE),--(calc!$BG$3:$BG$306>BG9))+(SUMPRODUCT(--(calc!$BE$3:$BE$306=TRUE),--(calc!$BG$3:$BG$306=BG9))-1)/2,"") | BL9: =IF(BE9,SUMPRODUCT(--(calc!$BE$3:$BE$306=TRUE),--(ROW(calc!$BE$3:$BE$306)>ROW(BE9)),--(((calc!$BJ$3:$BJ$306>BJ9)*(calc!$BK$3:$BK$306>BK9)+(calc!$BJ$3:$BJ$306<BJ9)*(calc!$BK$3:$BK$306<BK9))>0))-SUMPRODUCT(--(calc!$BE$3:$BE$306=TRUE),--(ROW(calc!$BE$3:$BE$306)>ROW(BE9)),--(((calc!$BJ$3:$BJ$306>BJ9)*(calc!$BK$3:$BK$306<BK9)+(calc!$BJ$3:$BJ$306<BJ9)*(calc!$BK$3:$BK$306>BK9))>0)),0) | BM9: =IF(mos_metrics!M8="","",mos_metrics!M8) | BN9: =AND($J9,ISNUMBER(BM9),correlation!$I$32=1) | BO9: =IF(BN9,$F9,"") | BP9: =IF(BN9,BM9*correlation!$J$32,"") | BQ9: =IF(AND(BN9,ISNUMBER(correlation!$F$32)),BP9*correlation!$F$32+correlation!$G$32,"") | BR9: =IF(AND(BN9,ISNUMBER(BQ9)),(BO9-BQ9)^2,"") | BS9: =IF(BN9,1+SUMPRODUCT(--(calc!$BN$3:$BN$306=TRUE),--(calc!$BO$3:$BO$306>BO9))+(SUMPRODUCT(--(calc!$BN$3:$BN$306=TRUE),--(calc!$BO$3:$BO$306=BO9))-1)/2,"") | BT9: =IF(BN9,1+SUMPRODUCT(--(calc!$BN$3:$BN$306=TRUE),--(calc!$BP$3:$BP$306>BP9))+(SUMPRODUCT(--(calc!$BN$3:$BN$306=TRUE),--(calc!$BP$3:$BP$306=BP9))-1)/2,"") | BU9: =IF(BN9,SUMPRODUCT(--(calc!$BN$3:$BN$306=TRUE),--(ROW(calc!$BN$3:$BN$306)>ROW(BN9)),--(((calc!$BS$3:$BS$306>BS9)*(calc!$BT$3:$BT$306>BT9)+(calc!$BS$3:$BS$306<BS9)*(calc!$BT$3:$BT$306<BT9))>0))-SUMPRODUCT(--(calc!$BN$3:$BN$306=TRUE),--(ROW(calc!$BN$3:$BN$306)>ROW(BN9)),--(((calc!$BS$3:$BS$306>BS9)*(calc!$BT$3:$BT$306<BT9)+(calc!$BS$3:$BS$306<BS9)*(calc!$BT$3:$BT$306>BT9))>0)),0)
A10: =mos_metrics!A9 | B10: =mos_metrics!B9 | C10: =mos_metrics!C9 | D10: =mos_metrics!D9 | E10: =mos_metrics!E9 | F10: =mos_metrics!F9 | G10: =IF($B10="","",IFERROR(VLOOKUP($B10,correlation!$A$2:$B$16,2,FALSE),1)) | H10: =IF($E10="","",IFERROR(VLOOKUP($E10,correlation!$D$2:$E$8,2,FALSE),1)) | I10: =ISNUMBER($F10) | J10: =AND($G10=1,$H10=1,$I10) | K10: =IF(mos_metrics!G9="","",mos_metrics!G9) | L10: =AND($J10,ISNUMBER(K10),correlation!$I$26=1) | M10: =IF(L10,$F10,"") | N10: =IF(L10,K10*correlation!$J$26,"") | O10: =IF(AND(L10,ISNUMBER(correlation!$F$26)),N10*correlation!$F$26+correlation!$G$26,"") | P10: =IF(AND(L10,ISNUMBER(O10)),(M10-O10)^2,"") | Q10: =IF(L10,1+SUMPRODUCT(--(calc!$L$3:$L$306=TRUE),--(calc!$M$3:$M$306>M10))+(SUMPRODUCT(--(calc!$L$3:$L$306=TRUE),--(calc!$M$3:$M$306=M10))-1)/2,"") | R10: =IF(L10,1+SUMPRODUCT(--(calc!$L$3:$L$306=TRUE),--(calc!$N$3:$N$306>N10))+(SUMPRODUCT(--(calc!$L$3:$L$306=TRUE),--(calc!$N$3:$N$306=N10))-1)/2,"") | S10: =IF(L10,SUMPRODUCT(--(calc!$L$3:$L$306=TRUE),--(ROW(calc!$L$3:$L$306)>ROW(L10)),--(((calc!$Q$3:$Q$306>Q10)*(calc!$R$3:$R$306>R10)+(calc!$Q$3:$Q$306<Q10)*(calc!$R$3:$R$306<R10))>0))-SUMPRODUCT(--(calc!$L$3:$L$306=TRUE),--(ROW(calc!$L$3:$L$306)>ROW(L10)),--(((calc!$Q$3:$Q$306>Q10)*(calc!$R$3:$R$306<R10)+(calc!$Q$3:$Q$306<Q10)*(calc!$R$3:$R$306>R10))>0)),0) | T10: =IF(mos_metrics!H9="","",mos_metrics!H9) | U10: =AND($J10,ISNUMBER(T10),correlation!$I$27=1) | V10: =IF(U10,$F10,"") | W10: =IF(U10,T10*correlation!$J$27,"") | X10: =IF(AND(U10,ISNUMBER(correlation!$F$27)),W10*correlation!$F$27+correlation!$G$27,"") | Y10: =IF(AND(U10,ISNUMBER(X10)),(V10-X10)^2,"") | Z10: =IF(U10,1+SUMPRODUCT(--(calc!$U$3:$U$306=TRUE),--(calc!$V$3:$V$306>V10))+(SUMPRODUCT(--(calc!$U$3:$U$306=TRUE),--(calc!$V$3:$V$306=V10))-1)/2,"") | AA10: =IF(U10,1+SUMPRODUCT(--(calc!$U$3:$U$306=TRUE),--(calc!$W$3:$W$306>W10))+(SUMPRODUCT(--(calc!$U$3:$U$306=TRUE),--(calc!$W$3:$W$306=W10))-1)/2,"") | AB10: =IF(U10,SUMPRODUCT(--(calc!$U$3:$U$306=TRUE),--(ROW(calc!$U$3:$U$306)>ROW(U10)),--(((calc!$Z$3:$Z$306>Z10)*(calc!$AA$3:$AA$306>AA10)+(calc!$Z$3:$Z$306<Z10)*(calc!$AA$3:$AA$306<AA10))>0))-SUMPRODUCT(--(calc!$U$3:$U$306=TRUE),--(ROW(calc!$U$3:$U$306)>ROW(U10)),--(((calc!$Z$3:$Z$306>Z10)*(calc!$AA$3:$AA$306<AA10)+(calc!$Z$3:$Z$306<Z10)*(calc!$AA$3:$AA$306>AA10))>0)),0) | AC10: =IF(mos_metrics!I9="","",mos_metrics!I9) | AD10: =AND($J10,ISNUMBER(AC10),correlation!$I$28=1) | AE10: =IF(AD10,$F10,"") | AF10: =IF(AD10,AC10*correlation!$J$28,"") | AG10: =IF(AND(AD10,ISNUMBER(correlation!$F$28)),AF10*correlation!$F$28+correlation!$G$28,"") | AH10: =IF(AND(AD10,ISNUMBER(AG10)),(AE10-AG10)^2,"") | AI10: =IF(AD10,1+SUMPRODUCT(--(calc!$AD$3:$AD$306=TRUE),--(calc!$AE$3:$AE$306>AE10))+(SUMPRODUCT(--(calc!$AD$3:$AD$306=TRUE),--(calc!$AE$3:$AE$306=AE10))-1)/2,"") | AJ10: =IF(AD10,1+SUMPRODUCT(--(calc!$AD$3:$AD$306=TRUE),--(calc!$AF$3:$AF$306>AF10))+(SUMPRODUCT(--(calc!$AD$3:$AD$306=TRUE),--(calc!$AF$3:$AF$306=AF10))-1)/2,"") | AK10: =IF(AD10,SUMPRODUCT(--(calc!$AD$3:$AD$306=TRUE),--(ROW(calc!$AD$3:$AD$306)>ROW(AD10)),--(((calc!$AI$3:$AI$306>AI10)*(calc!$AJ$3:$AJ$306>AJ10)+(calc!$AI$3:$AI$306<AI10)*(calc!$AJ$3:$AJ$306<AJ10))>0))-SUMPRODUCT(--(calc!$AD$3:$AD$306=TRUE),--(ROW(calc!$AD$3:$AD$306)>ROW(AD10)),--(((calc!$AI$3:$AI$306>AI10)*(calc!$AJ$3:$AJ$306<AJ10)+(calc!$AI$3:$AI$306<AI10)*(calc!$AJ$3:$AJ$306>AJ10))>0)),0) | AL10: =IF(mos_metrics!J9="","",mos_metrics!J9) | AM10: =AND($J10,ISNUMBER(AL10),correlation!$I$29=1) | AN10: =IF(AM10,$F10,"") | AO10: =IF(AM10,AL10*correlation!$J$29,"") | AP10: =IF(AND(AM10,ISNUMBER(correlation!$F$29)),AO10*correlation!$F$29+correlation!$G$29,"") | AQ10: =IF(AND(AM10,ISNUMBER(AP10)),(AN10-AP10)^2,"") | AR10: =IF(AM10,1+SUMPRODUCT(--(calc!$AM$3:$AM$306=TRUE),--(calc!$AN$3:$AN$306>AN10))+(SUMPRODUCT(--(calc!$AM$3:$AM$306=TRUE),--(calc!$AN$3:$AN$306=AN10))-1)/2,"") | AS10: =IF(AM10,1+SUMPRODUCT(--(calc!$AM$3:$AM$306=TRUE),--(calc!$AO$3:$AO$306>AO10))+(SUMPRODUCT(--(calc!$AM$3:$AM$306=TRUE),--(calc!$AO$3:$AO$306=AO10))-1)/2,"") | AT10: =IF(AM10,SUMPRODUCT(--(calc!$AM$3:$AM$306=TRUE),--(ROW(calc!$AM$3:$AM$306)>ROW(AM10)),--(((calc!$AR$3:$AR$306>AR10)*(calc!$AS$3:$AS$306>AS10)+(calc!$AR$3:$AR$306<AR10)*(calc!$AS$3:$AS$306<AS10))>0))-SUMPRODUCT(--(calc!$AM$3:$AM$306=TRUE),--(ROW(calc!$AM$3:$AM$306)>ROW(AM10)),--(((calc!$AR$3:$AR$306>AR10)*(calc!$AS$3:$AS$306<AS10)+(calc!$AR$3:$AR$306<AR10)*(calc!$AS$3:$AS$306>AS10))>0)),0) | AU10: =IF(mos_metrics!K9="","",mos_metrics!K9) | AV10: =AND($J10,ISNUMBER(AU10),correlation!$I$30=1) | AW10: =IF(AV10,$F10,"") | AX10: =IF(AV10,AU10*correlation!$J$30,"") | AY10: =IF(AND(AV10,ISNUMBER(correlation!$F$30)),AX10*correlation!$F$30+correlation!$G$30,"") | AZ10: =IF(AND(AV10,ISNUMBER(AY10)),(AW10-AY10)^2,"") | BA10: =IF(AV10,1+SUMPRODUCT(--(calc!$AV$3:$AV$306=TRUE),--(calc!$AW$3:$AW$306>AW10))+(SUMPRODUCT(--(calc!$AV$3:$AV$306=TRUE),--(calc!$AW$3:$AW$306=AW10))-1)/2,"") | BB10: =IF(AV10,1+SUMPRODUCT(--(calc!$AV$3:$AV$306=TRUE),--(calc!$AX$3:$AX$306>AX10))+(SUMPRODUCT(--(calc!$AV$3:$AV$306=TRUE),--(calc!$AX$3:$AX$306=AX10))-1)/2,"") | BC10: =IF(AV10,SUMPRODUCT(--(calc!$AV$3:$AV$306=TRUE),--(ROW(calc!$AV$3:$AV$306)>ROW(AV10)),--(((calc!$BA$3:$BA$306>BA10)*(calc!$BB$3:$BB$306>BB10)+(calc!$BA$3:$BA$306<BA10)*(calc!$BB$3:$BB$306<BB10))>0))-SUMPRODUCT(--(calc!$AV$3:$AV$306=TRUE),--(ROW(calc!$AV$3:$AV$306)>ROW(AV10)),--(((calc!$BA$3:$BA$306>BA10)*(calc!$BB$3:$BB$306<BB10)+(calc!$BA$3:$BA$306<BA10)*(calc!$BB$3:$BB$306>BB10))>0)),0) | BD10: =IF(mos_metrics!L9="","",mos_metrics!L9) | BE10: =AND($J10,ISNUMBER(BD10),correlation!$I$31=1) | BF10: =IF(BE10,$F10,"") | BG10: =IF(BE10,BD10*correlation!$J$31,"") | BH10: =IF(AND(BE10,ISNUMBER(correlation!$F$31)),BG10*correlation!$F$31+correlation!$G$31,"") | BI10: =IF(AND(BE10,ISNUMBER(BH10)),(BF10-BH10)^2,"") | BJ10: =IF(BE10,1+SUMPRODUCT(--(calc!$BE$3:$BE$306=TRUE),--(calc!$BF$3:$BF$306>BF10))+(SUMPRODUCT(--(calc!$BE$3:$BE$306=TRUE),--(calc!$BF$3:$BF$306=BF10))-1)/2,"") | BK10: =IF(BE10,1+SUMPRODUCT(--(calc!$BE$3:$BE$306=TRUE),--(calc!$BG$3:$BG$306>BG10))+(SUMPRODUCT(--(calc!$BE$3:$BE$306=TRUE),--(calc!$BG$3:$BG$306=BG10))-1)/2,"") | BL10: =IF(BE10,SUMPRODUCT(--(calc!$BE$3:$BE$306=TRUE),--(ROW(calc!$BE$3:$BE$306)>ROW(BE10)),--(((calc!$BJ$3:$BJ$306>BJ10)*(calc!$BK$3:$BK$306>BK10)+(calc!$BJ$3:$BJ$306<BJ10)*(calc!$BK$3:$BK$306<BK10))>0))-SUMPRODUCT(--(calc!$BE$3:$BE$306=TRUE),--(ROW(calc!$BE$3:$BE$306)>ROW(BE10)),--(((calc!$BJ$3:$BJ$306>BJ10)*(calc!$BK$3:$BK$306<BK10)+(calc!$BJ$3:$BJ$306<BJ10)*(calc!$BK$3:$BK$306>BK10))>0)),0) | BM10: =IF(mos_metrics!M9="","",mos_metrics!M9) | BN10: =AND($J10,ISNUMBER(BM10),correlation!$I$32=1) | BO10: =IF(BN10,$F10,"") | BP10: =IF(BN10,BM10*correlation!$J$32,"") | BQ10: =IF(AND(BN10,ISNUMBER(correlation!$F$32)),BP10*correlation!$F$32+correlation!$G$32,"") | BR10: =IF(AND(BN10,ISNUMBER(BQ10)),(BO10-BQ10)^2,"") | BS10: =IF(BN10,1+SUMPRODUCT(--(calc!$BN$3:$BN$306=TRUE),--(calc!$BO$3:$BO$306>BO10))+(SUMPRODUCT(--(calc!$BN$3:$BN$306=TRUE),--(calc!$BO$3:$BO$306=BO10))-1)/2,"") | BT10: =IF(BN10,1+SUMPRODUCT(--(calc!$BN$3:$BN$306=TRUE),--(calc!$BP$3:$BP$306>BP10))+(SUMPRODUCT(--(calc!$BN$3:$BN$306=TRUE),--(calc!$BP$3:$BP$306=BP10))-1)/2,"") | BU10: =IF(BN10,SUMPRODUCT(--(calc!$BN$3:$BN$306=TRUE),--(ROW(calc!$BN$3:$BN$306)>ROW(BN10)),--(((calc!$BS$3:$BS$306>BS10)*(calc!$BT$3:$BT$306>BT10)+(calc!$BS$3:$BS$306<BS10)*(calc!$BT$3:$BT$306<BT10))>0))-SUMPRODUCT(--(calc!$BN$3:$BN$306=TRUE),--(ROW(calc!$BN$3:$BN$306)>ROW(BN10)),--(((calc!$BS$3:$BS$306>BS10)*(calc!$BT$3:$BT$306<BT10)+(calc!$BS$3:$BS$306<BS10)*(calc!$BT$3:$BT$306>BT10))>0)),0)
A11: =mos_metrics!A10 | B11: =mos_metrics!B10 | C11: =mos_metrics!C10 | D11: =mos_metrics!D10 | E11: =mos_metrics!E10 | F11: =mos_metrics!F10 | G11: =IF($B11="","",IFERROR(VLOOKUP($B11,correlation!$A$2:$B$16,2,FALSE),1)) | H11: =IF($E11="","",IFERROR(VLOOKUP($E11,correlation!$D$2:$E$8,2,FALSE),1)) | I11: =ISNUMBER($F11) | J11: =AND($G11=1,$H11=1,$I11) | K11: =IF(mos_metrics!G10="","",mos_metrics!G10) | L11: =AND($J11,ISNUMBER(K11),correlation!$I$26=1) | M11: =IF(L11,$F11,"") | N11: =IF(L11,K11*correlation!$J$26,"") | O11: =IF(AND(L11,ISNUMBER(correlation!$F$26)),N11*correlation!$F$26+correlation!$G$26,"") | P11: =IF(AND(L11,ISNUMBER(O11)),(M11-O11)^2,"") | Q11: =IF(L11,1+SUMPRODUCT(--(calc!$L$3:$L$306=TRUE),--(calc!$M$3:$M$306>M11))+(SUMPRODUCT(--(calc!$L$3:$L$306=TRUE),--(calc!$M$3:$M$306=M11))-1)/2,"") | R11: =IF(L11,1+SUMPRODUCT(--(calc!$L$3:$L$306=TRUE),--(calc!$N$3:$N$306>N11))+(SUMPRODUCT(--(calc!$L$3:$L$306=TRUE),--(calc!$N$3:$N$306=N11))-1)/2,"") | S11: =IF(L11,SUMPRODUCT(--(calc!$L$3:$L$306=TRUE),--(ROW(calc!$L$3:$L$306)>ROW(L11)),--(((calc!$Q$3:$Q$306>Q11)*(calc!$R$3:$R$306>R11)+(calc!$Q$3:$Q$306<Q11)*(calc!$R$3:$R$306<R11))>0))-SUMPRODUCT(--(calc!$L$3:$L$306=TRUE),--(ROW(calc!$L$3:$L$306)>ROW(L11)),--(((calc!$Q$3:$Q$306>Q11)*(calc!$R$3:$R$306<R11)+(calc!$Q$3:$Q$306<Q11)*(calc!$R$3:$R$306>R11))>0)),0) | T11: =IF(mos_metrics!H10="","",mos_metrics!H10) | U11: =AND($J11,ISNUMBER(T11),correlation!$I$27=1) | V11: =IF(U11,$F11,"") | W11: =IF(U11,T11*correlation!$J$27,"") | X11: =IF(AND(U11,ISNUMBER(correlation!$F$27)),W11*correlation!$F$27+correlation!$G$27,"") | Y11: =IF(AND(U11,ISNUMBER(X11)),(V11-X11)^2,"") | Z11: =IF(U11,1+SUMPRODUCT(--(calc!$U$3:$U$306=TRUE),--(calc!$V$3:$V$306>V11))+(SUMPRODUCT(--(calc!$U$3:$U$306=TRUE),--(calc!$V$3:$V$306=V11))-1)/2,"") | AA11: =IF(U11,1+SUMPRODUCT(--(calc!$U$3:$U$306=TRUE),--(calc!$W$3:$W$306>W11))+(SUMPRODUCT(--(calc!$U$3:$U$306=TRUE),--(calc!$W$3:$W$306=W11))-1)/2,"") | AB11: =IF(U11,SUMPRODUCT(--(calc!$U$3:$U$306=TRUE),--(ROW(calc!$U$3:$U$306)>ROW(U11)),--(((calc!$Z$3:$Z$306>Z11)*(calc!$AA$3:$AA$306>AA11)+(calc!$Z$3:$Z$306<Z11)*(calc!$AA$3:$AA$306<AA11))>0))-SUMPRODUCT(--(calc!$U$3:$U$306=TRUE),--(ROW(calc!$U$3:$U$306)>ROW(U11)),--(((calc!$Z$3:$Z$306>Z11)*(calc!$AA$3:$AA$306<AA11)+(calc!$Z$3:$Z$306<Z11)*(calc!$AA$3:$AA$306>AA11))>0)),0) | AC11: =IF(mos_metrics!I10="","",mos_metrics!I10) | AD11: =AND($J11,ISNUMBER(AC11),correlation!$I$28=1) | AE11: =IF(AD11,$F11,"") | AF11: =IF(AD11,AC11*correlation!$J$28,"") | AG11: =IF(AND(AD11,ISNUMBER(correlation!$F$28)),AF11*correlation!$F$28+correlation!$G$28,"") | AH11: =IF(AND(AD11,ISNUMBER(AG11)),(AE11-AG11)^2,"") | AI11: =IF(AD11,1+SUMPRODUCT(--(calc!$AD$3:$AD$306=TRUE),--(calc!$AE$3:$AE$306>AE11))+(SUMPRODUCT(--(calc!$AD$3:$AD$306=TRUE),--(calc!$AE$3:$AE$306=AE11))-1)/2,"") | AJ11: =IF(AD11,1+SUMPRODUCT(--(calc!$AD$3:$AD$306=TRUE),--(calc!$AF$3:$AF$306>AF11))+(SUMPRODUCT(--(calc!$AD$3:$AD$306=TRUE),--(calc!$AF$3:$AF$306=AF11))-1)/2,"") | AK11: =IF(AD11,SUMPRODUCT(--(calc!$AD$3:$AD$306=TRUE),--(ROW(calc!$AD$3:$AD$306)>ROW(AD11)),--(((calc!$AI$3:$AI$306>AI11)*(calc!$AJ$3:$AJ$306>AJ11)+(calc!$AI$3:$AI$306<AI11)*(calc!$AJ$3:$AJ$306<AJ11))>0))-SUMPRODUCT(--(calc!$AD$3:$AD$306=TRUE),--(ROW(calc!$AD$3:$AD$306)>ROW(AD11)),--(((calc!$AI$3:$AI$306>AI11)*(calc!$AJ$3:$AJ$306<AJ11)+(calc!$AI$3:$AI$306<AI11)*(calc!$AJ$3:$AJ$306>AJ11))>0)),0) | AL11: =IF(mos_metrics!J10="","",mos_metrics!J10) | AM11: =AND($J11,ISNUMBER(AL11),correlation!$I$29=1) | AN11: =IF(AM11,$F11,"") | AO11: =IF(AM11,AL11*correlation!$J$29,"") | AP11: =IF(AND(AM11,ISNUMBER(correlation!$F$29)),AO11*correlation!$F$29+correlation!$G$29,"") | AQ11: =IF(AND(AM11,ISNUMBER(AP11)),(AN11-AP11)^2,"") | AR11: =IF(AM11,1+SUMPRODUCT(--(calc!$AM$3:$AM$306=TRUE),--(calc!$AN$3:$AN$306>AN11))+(SUMPRODUCT(--(calc!$AM$3:$AM$306=TRUE),--(calc!$AN$3:$AN$306=AN11))-1)/2,"") | AS11: =IF(AM11,1+SUMPRODUCT(--(calc!$AM$3:$AM$306=TRUE),--(calc!$AO$3:$AO$306>AO11))+(SUMPRODUCT(--(calc!$AM$3:$AM$306=TRUE),--(calc!$AO$3:$AO$306=AO11))-1)/2,"") | AT11: =IF(AM11,SUMPRODUCT(--(calc!$AM$3:$AM$306=TRUE),--(ROW(calc!$AM$3:$AM$306)>ROW(AM11)),--(((calc!$AR$3:$AR$306>AR11)*(calc!$AS$3:$AS$306>AS11)+(calc!$AR$3:$AR$306<AR11)*(calc!$AS$3:$AS$306<AS11))>0))-SUMPRODUCT(--(calc!$AM$3:$AM$306=TRUE),--(ROW(calc!$AM$3:$AM$306)>ROW(AM11)),--(((calc!$AR$3:$AR$306>AR11)*(calc!$AS$3:$AS$306<AS11)+(calc!$AR$3:$AR$306<AR11)*(calc!$AS$3:$AS$306>AS11))>0)),0) | AU11: =IF(mos_metrics!K10="","",mos_metrics!K10) | AV11: =AND($J11,ISNUMBER(AU11),correlation!$I$30=1) | AW11: =IF(AV11,$F11,"") | AX11: =IF(AV11,AU11*correlation!$J$30,"") | AY11: =IF(AND(AV11,ISNUMBER(correlation!$F$30)),AX11*correlation!$F$30+correlation!$G$30,"") | AZ11: =IF(AND(AV11,ISNUMBER(AY11)),(AW11-AY11)^2,"") | BA11: =IF(AV11,1+SUMPRODUCT(--(calc!$AV$3:$AV$306=TRUE),--(calc!$AW$3:$AW$306>AW11))+(SUMPRODUCT(--(calc!$AV$3:$AV$306=TRUE),--(calc!$AW$3:$AW$306=AW11))-1)/2,"") | BB11: =IF(AV11,1+SUMPRODUCT(--(calc!$AV$3:$AV$306=TRUE),--(calc!$AX$3:$AX$306>AX11))+(SUMPRODUCT(--(calc!$AV$3:$AV$306=TRUE),--(calc!$AX$3:$AX$306=AX11))-1)/2,"") | BC11: =IF(AV11,SUMPRODUCT(--(calc!$AV$3:$AV$306=TRUE),--(ROW(calc!$AV$3:$AV$306)>ROW(AV11)),--(((calc!$BA$3:$BA$306>BA11)*(calc!$BB$3:$BB$306>BB11)+(calc!$BA$3:$BA$306<BA11)*(calc!$BB$3:$BB$306<BB11))>0))-SUMPRODUCT(--(calc!$AV$3:$AV$306=TRUE),--(ROW(calc!$AV$3:$AV$306)>ROW(AV11)),--(((calc!$BA$3:$BA$306>BA11)*(calc!$BB$3:$BB$306<BB11)+(calc!$BA$3:$BA$306<BA11)*(calc!$BB$3:$BB$306>BB11))>0)),0) | BD11: =IF(mos_metrics!L10="","",mos_metrics!L10) | BE11: =AND($J11,ISNUMBER(BD11),correlation!$I$31=1) | BF11: =IF(BE11,$F11,"") | BG11: =IF(BE11,BD11*correlation!$J$31,"") | BH11: =IF(AND(BE11,ISNUMBER(correlation!$F$31)),BG11*correlation!$F$31+correlation!$G$31,"") | BI11: =IF(AND(BE11,ISNUMBER(BH11)),(BF11-BH11)^2,"") | BJ11: =IF(BE11,1+SUMPRODUCT(--(calc!$BE$3:$BE$306=TRUE),--(calc!$BF$3:$BF$306>BF11))+(SUMPRODUCT(--(calc!$BE$3:$BE$306=TRUE),--(calc!$BF$3:$BF$306=BF11))-1)/2,"") | BK11: =IF(BE11,1+SUMPRODUCT(--(calc!$BE$3:$BE$306=TRUE),--(calc!$BG$3:$BG$306>BG11))+(SUMPRODUCT(--(calc!$BE$3:$BE$306=TRUE),--(calc!$BG$3:$BG$306=BG11))-1)/2,"") | BL11: =IF(BE11,SUMPRODUCT(--(calc!$BE$3:$BE$306=TRUE),--(ROW(calc!$BE$3:$BE$306)>ROW(BE11)),--(((calc!$BJ$3:$BJ$306>BJ11)*(calc!$BK$3:$BK$306>BK11)+(calc!$BJ$3:$BJ$306<BJ11)*(calc!$BK$3:$BK$306<BK11))>0))-SUMPRODUCT(--(calc!$BE$3:$BE$306=TRUE),--(ROW(calc!$BE$3:$BE$306)>ROW(BE11)),--(((calc!$BJ$3:$BJ$306>BJ11)*(calc!$BK$3:$BK$306<BK11)+(calc!$BJ$3:$BJ$306<BJ11)*(calc!$BK$3:$BK$306>BK11))>0)),0) | BM11: =IF(mos_metrics!M10="","",mos_metrics!M10) | BN11: =AND($J11,ISNUMBER(BM11),correlation!$I$32=1) | BO11: =IF(BN11,$F11,"") | BP11: =IF(BN11,BM11*correlation!$J$32,"") | BQ11: =IF(AND(BN11,ISNUMBER(correlation!$F$32)),BP11*correlation!$F$32+correlation!$G$32,"") | BR11: =IF(AND(BN11,ISNUMBER(BQ11)),(BO11-BQ11)^2,"") | BS11: =IF(BN11,1+SUMPRODUCT(--(calc!$BN$3:$BN$306=TRUE),--(calc!$BO$3:$BO$306>BO11))+(SUMPRODUCT(--(calc!$BN$3:$BN$306=TRUE),--(calc!$BO$3:$BO$306=BO11))-1)/2,"") | BT11: =IF(BN11,1+SUMPRODUCT(--(calc!$BN$3:$BN$306=TRUE),--(calc!$BP$3:$BP$306>BP11))+(SUMPRODUCT(--(calc!$BN$3:$BN$306=TRUE),--(calc!$BP$3:$BP$306=BP11))-1)/2,"") | BU11: =IF(BN11,SUMPRODUCT(--(calc!$BN$3:$BN$306=TRUE),--(ROW(calc!$BN$3:$BN$306)>ROW(BN11)),--(((calc!$BS$3:$BS$306>BS11)*(calc!$BT$3:$BT$306>BT11)+(calc!$BS$3:$BS$306<BS11)*(calc!$BT$3:$BT$306<BT11))>0))-SUMPRODUCT(--(calc!$BN$3:$BN$306=TRUE),--(ROW(calc!$BN$3:$BN$306)>ROW(BN11)),--(((calc!$BS$3:$BS$306>BS11)*(calc!$BT$3:$BT$306<BT11)+(calc!$BS$3:$BS$306<BS11)*(calc!$BT$3:$BT$306>BT11))>0)),0)
A12: =mos_metrics!A11 | B12: =mos_metrics!B11 | C12: =mos_metrics!C11 | D12: =mos_metrics!D11 | E12: =mos_metrics!E11 | F12: =mos_metrics!F11 | G12: =IF($B12="","",IFERROR(VLOOKUP($B12,correlation!$A$2:$B$16,2,FALSE),1)) | H12: =IF($E12="","",IFERROR(VLOOKUP($E12,correlation!$D$2:$E$8,2,FALSE),1)) | I12: =ISNUMBER($F12) | J12: =AND($G12=1,$H12=1,$I12) | K12: =IF(mos_metrics!G11="","",mos_metrics!G11) | L12: =AND($J12,ISNUMBER(K12),correlation!$I$26=1) | M12: =IF(L12,$F12,"") | N12: =IF(L12,K12*correlation!$J$26,"") | O12: =IF(AND(L12,ISNUMBER(correlation!$F$26)),N12*correlation!$F$26+correlation!$G$26,"") | P12: =IF(AND(L12,ISNUMBER(O12)),(M12-O12)^2,"") | Q12: =IF(L12,1+SUMPRODUCT(--(calc!$L$3:$L$306=TRUE),--(calc!$M$3:$M$306>M12))+(SUMPRODUCT(--(calc!$L$3:$L$306=TRUE),--(calc!$M$3:$M$306=M12))-1)/2,"") | R12: =IF(L12,1+SUMPRODUCT(--(calc!$L$3:$L$306=TRUE),--(calc!$N$3:$N$306>N12))+(SUMPRODUCT(--(calc!$L$3:$L$306=TRUE),--(calc!$N$3:$N$306=N12))-1)/2,"") | S12: =IF(L12,SUMPRODUCT(--(calc!$L$3:$L$306=TRUE),--(ROW(calc!$L$3:$L$306)>ROW(L12)),--(((calc!$Q$3:$Q$306>Q12)*(calc!$R$3:$R$306>R12)+(calc!$Q$3:$Q$306<Q12)*(calc!$R$3:$R$306<R12))>0))-SUMPRODUCT(--(calc!$L$3:$L$306=TRUE),--(ROW(calc!$L$3:$L$306)>ROW(L12)),--(((calc!$Q$3:$Q$306>Q12)*(calc!$R$3:$R$306<R12)+(calc!$Q$3:$Q$306<Q12)*(calc!$R$3:$R$306>R12))>0)),0) | T12: =IF(mos_metrics!H11="","",mos_metrics!H11) | U12: =AND($J12,ISNUMBER(T12),correlation!$I$27=1) | V12: =IF(U12,$F12,"") | W12: =IF(U12,T12*correlation!$J$27,"") | X12: =IF(AND(U12,ISNUMBER(correlation!$F$27)),W12*correlation!$F$27+correlation!$G$27,"") | Y12: =IF(AND(U12,ISNUMBER(X12)),(V12-X12)^2,"") | Z12: =IF(U12,1+SUMPRODUCT(--(calc!$U$3:$U$306=TRUE),--(calc!$V$3:$V$306>V12))+(SUMPRODUCT(--(calc!$U$3:$U$306=TRUE),--(calc!$V$3:$V$306=V12))-1)/2,"") | AA12: =IF(U12,1+SUMPRODUCT(--(calc!$U$3:$U$306=TRUE),--(calc!$W$3:$W$306>W12))+(SUMPRODUCT(--(calc!$U$3:$U$306=TRUE),--(calc!$W$3:$W$306=W12))-1)/2,"") | AB12: =IF(U12,SUMPRODUCT(--(calc!$U$3:$U$306=TRUE),--(ROW(calc!$U$3:$U$306)>ROW(U12)),--(((calc!$Z$3:$Z$306>Z12)*(calc!$AA$3:$AA$306>AA12)+(calc!$Z$3:$Z$306<Z12)*(calc!$AA$3:$AA$306<AA12))>0))-SUMPRODUCT(--(calc!$U$3:$U$306=TRUE),--(ROW(calc!$U$3:$U$306)>ROW(U12)),--(((calc!$Z$3:$Z$306>Z12)*(calc!$AA$3:$AA$306<AA12)+(calc!$Z$3:$Z$306<Z12)*(calc!$AA$3:$AA$306>AA12))>0)),0) | AC12: =IF(mos_metrics!I11="","",mos_metrics!I11) | AD12: =AND($J12,ISNUMBER(AC12),correlation!$I$28=1) | AE12: =IF(AD12,$F12,"") | AF12: =IF(AD12,AC12*correlation!$J$28,"") | AG12: =IF(AND(AD12,ISNUMBER(correlation!$F$28)),AF12*correlation!$F$28+correlation!$G$28,"") | AH12: =IF(AND(AD12,ISNUMBER(AG12)),(AE12-AG12)^2,"") | AI12: =IF(AD12,1+SUMPRODUCT(--(calc!$AD$3:$AD$306=TRUE),--(calc!$AE$3:$AE$306>AE12))+(SUMPRODUCT(--(calc!$AD$3:$AD$306=TRUE),--(calc!$AE$3:$AE$306=AE12))-1)/2,"") | AJ12: =IF(AD12,1+SUMPRODUCT(--(calc!$AD$3:$AD$306=TRUE),--(calc!$AF$3:$AF$306>AF12))+(SUMPRODUCT(--(calc!$AD$3:$AD$306=TRUE),--(calc!$AF$3:$AF$306=AF12))-1)/2,"") | AK12: =IF(AD12,SUMPRODUCT(--(calc!$AD$3:$AD$306=TRUE),--(ROW(calc!$AD$3:$AD$306)>ROW(AD12)),--(((calc!$AI$3:$AI$306>AI12)*(calc!$AJ$3:$AJ$306>AJ12)+(calc!$AI$3:$AI$306<AI12)*(calc!$AJ$3:$AJ$306<AJ12))>0))-SUMPRODUCT(--(calc!$AD$3:$AD$306=TRUE),--(ROW(calc!$AD$3:$AD$306)>ROW(AD12)),--(((calc!$AI$3:$AI$306>AI12)*(calc!$AJ$3:$AJ$306<AJ12)+(calc!$AI$3:$AI$306<AI12)*(calc!$AJ$3:$AJ$306>AJ12))>0)),0) | AL12: =IF(mos_metrics!J11="","",mos_metrics!J11) | AM12: =AND($J12,ISNUMBER(AL12),correlation!$I$29=1) | AN12: =IF(AM12,$F12,"") | AO12: =IF(AM12,AL12*correlation!$J$29,"") | AP12: =IF(AND(AM12,ISNUMBER(correlation!$F$29)),AO12*correlation!$F$29+correlation!$G$29,"") | AQ12: =IF(AND(AM12,ISNUMBER(AP12)),(AN12-AP12)^2,"") | AR12: =IF(AM12,1+SUMPRODUCT(--(calc!$AM$3:$AM$306=TRUE),--(calc!$AN$3:$AN$306>AN12))+(SUMPRODUCT(--(calc!$AM$3:$AM$306=TRUE),--(calc!$AN$3:$AN$306=AN12))-1)/2,"") | AS12: =IF(AM12,1+SUMPRODUCT(--(calc!$AM$3:$AM$306=TRUE),--(calc!$AO$3:$AO$306>AO12))+(SUMPRODUCT(--(calc!$AM$3:$AM$306=TRUE),--(calc!$AO$3:$AO$306=AO12))-1)/2,"") | AT12: =IF(AM12,SUMPRODUCT(--(calc!$AM$3:$AM$306=TRUE),--(ROW(calc!$AM$3:$AM$306)>ROW(AM12)),--(((calc!$AR$3:$AR$306>AR12)*(calc!$AS$3:$AS$306>AS12)+(calc!$AR$3:$AR$306<AR12)*(calc!$AS$3:$AS$306<AS12))>0))-SUMPRODUCT(--(calc!$AM$3:$AM$306=TRUE),--(ROW(calc!$AM$3:$AM$306)>ROW(AM12)),--(((calc!$AR$3:$AR$306>AR12)*(calc!$AS$3:$AS$306<AS12)+(calc!$AR$3:$AR$306<AR12)*(calc!$AS$3:$AS$306>AS12))>0)),0) | AU12: =IF(mos_metrics!K11="","",mos_metrics!K11) | AV12: =AND($J12,ISNUMBER(AU12),correlation!$I$30=1) | AW12: =IF(AV12,$F12,"") | AX12: =IF(AV12,AU12*correlation!$J$30,"") | AY12: =IF(AND(AV12,ISNUMBER(correlation!$F$30)),AX12*correlation!$F$30+correlation!$G$30,"") | AZ12: =IF(AND(AV12,ISNUMBER(AY12)),(AW12-AY12)^2,"") | BA12: =IF(AV12,1+SUMPRODUCT(--(calc!$AV$3:$AV$306=TRUE),--(calc!$AW$3:$AW$306>AW12))+(SUMPRODUCT(--(calc!$AV$3:$AV$306=TRUE),--(calc!$AW$3:$AW$306=AW12))-1)/2,"") | BB12: =IF(AV12,1+SUMPRODUCT(--(calc!$AV$3:$AV$306=TRUE),--(calc!$AX$3:$AX$306>AX12))+(SUMPRODUCT(--(calc!$AV$3:$AV$306=TRUE),--(calc!$AX$3:$AX$306=AX12))-1)/2,"") | BC12: =IF(AV12,SUMPRODUCT(--(calc!$AV$3:$AV$306=TRUE),--(ROW(calc!$AV$3:$AV$306)>ROW(AV12)),--(((calc!$BA$3:$BA$306>BA12)*(calc!$BB$3:$BB$306>BB12)+(calc!$BA$3:$BA$306<BA12)*(calc!$BB$3:$BB$306<BB12))>0))-SUMPRODUCT(--(calc!$AV$3:$AV$306=TRUE),--(ROW(calc!$AV$3:$AV$306)>ROW(AV12)),--(((calc!$BA$3:$BA$306>BA12)*(calc!$BB$3:$BB$306<BB12)+(calc!$BA$3:$BA$306<BA12)*(calc!$BB$3:$BB$306>BB12))>0)),0) | BD12: =IF(mos_metrics!L11="","",mos_metrics!L11) | BE12: =AND($J12,ISNUMBER(BD12),correlation!$I$31=1) | BF12: =IF(BE12,$F12,"") | BG12: =IF(BE12,BD12*correlation!$J$31,"") | BH12: =IF(AND(BE12,ISNUMBER(correlation!$F$31)),BG12*correlation!$F$31+correlation!$G$31,"") | BI12: =IF(AND(BE12,ISNUMBER(BH12)),(BF12-BH12)^2,"") | BJ12: =IF(BE12,1+SUMPRODUCT(--(calc!$BE$3:$BE$306=TRUE),--(calc!$BF$3:$BF$306>BF12))+(SUMPRODUCT(--(calc!$BE$3:$BE$306=TRUE),--(calc!$BF$3:$BF$306=BF12))-1)/2,"") | BK12: =IF(BE12,1+SUMPRODUCT(--(calc!$BE$3:$BE$306=TRUE),--(calc!$BG$3:$BG$306>BG12))+(SUMPRODUCT(--(calc!$BE$3:$BE$306=TRUE),--(calc!$BG$3:$BG$306=BG12))-1)/2,"") | BL12: =IF(BE12,SUMPRODUCT(--(calc!$BE$3:$BE$306=TRUE),--(ROW(calc!$BE$3:$BE$306)>ROW(BE12)),--(((calc!$BJ$3:$BJ$306>BJ12)*(calc!$BK$3:$BK$306>BK12)+(calc!$BJ$3:$BJ$306<BJ12)*(calc!$BK$3:$BK$306<BK12))>0))-SUMPRODUCT(--(calc!$BE$3:$BE$306=TRUE),--(ROW(calc!$BE$3:$BE$306)>ROW(BE12)),--(((calc!$BJ$3:$BJ$306>BJ12)*(calc!$BK$3:$BK$306<BK12)+(calc!$BJ$3:$BJ$306<BJ12)*(calc!$BK$3:$BK$306>BK12))>0)),0) | BM12: =IF(mos_metrics!M11="","",mos_metrics!M11) | BN12: =AND($J12,ISNUMBER(BM12),correlation!$I$32=1) | BO12: =IF(BN12,$F12,"") | BP12: =IF(BN12,BM12*correlation!$J$32,"") | BQ12: =IF(AND(BN12,ISNUMBER(correlation!$F$32)),BP12*correlation!$F$32+correlation!$G$32,"") | BR12: =IF(AND(BN12,ISNUMBER(BQ12)),(BO12-BQ12)^2,"") | BS12: =IF(BN12,1+SUMPRODUCT(--(calc!$BN$3:$BN$306=TRUE),--(calc!$BO$3:$BO$306>BO12))+(SUMPRODUCT(--(calc!$BN$3:$BN$306=TRUE),--(calc!$BO$3:$BO$306=BO12))-1)/2,"") | BT12: =IF(BN12,1+SUMPRODUCT(--(calc!$BN$3:$BN$306=TRUE),--(calc!$BP$3:$BP$306>BP12))+(SUMPRODUCT(--(calc!$BN$3:$BN$306=TRUE),--(calc!$BP$3:$BP$306=BP12))-1)/2,"") | BU12: =IF(BN12,SUMPRODUCT(--(calc!$BN$3:$BN$306=TRUE),--(ROW(calc!$BN$3:$BN$306)>ROW(BN12)),--(((calc!$BS$3:$BS$306>BS12)*(calc!$BT$3:$BT$306>BT12)+(calc!$BS$3:$BS$306<BS12)*(calc!$BT$3:$BT$306<BT12))>0))-SUMPRODUCT(--(calc!$BN$3:$BN$306=TRUE),--(ROW(calc!$BN$3:$BN$306)>ROW(BN12)),--(((calc!$BS$3:$BS$306>BS12)*(calc!$BT$3:$BT$306<BT12)+(calc!$BS$3:$BS$306<BS12)*(calc!$BT$3:$BT$306>BT12))>0)),0)
A13: =mos_metrics!A12 | B13: =mos_metrics!B12 | C13: =mos_metrics!C12 | D13: =mos_metrics!D12 | E13: =mos_metrics!E12 | F13: =mos_metrics!F12 | G13: =IF($B13="","",IFERROR(VLOOKUP($B13,correlation!$A$2:$B$16,2,FALSE),1)) | H13: =IF($E13="","",IFERROR(VLOOKUP($E13,correlation!$D$2:$E$8,2,FALSE),1)) | I13: =ISNUMBER($F13) | J13: =AND($G13=1,$H13=1,$I13) | K13: =IF(mos_metrics!G12="","",mos_metrics!G12) | L13: =AND($J13,ISNUMBER(K13),correlation!$I$26=1) | M13: =IF(L13,$F13,"") | N13: =IF(L13,K13*correlation!$J$26,"") | O13: =IF(AND(L13,ISNUMBER(correlation!$F$26)),N13*correlation!$F$26+correlation!$G$26,"") | P13: =IF(AND(L13,ISNUMBER(O13)),(M13-O13)^2,"") | Q13: =IF(L13,1+SUMPRODUCT(--(calc!$L$3:$L$306=TRUE),--(calc!$M$3:$M$306>M13))+(SUMPRODUCT(--(calc!$L$3:$L$306=TRUE),--(calc!$M$3:$M$306=M13))-1)/2,"") | R13: =IF(L13,1+SUMPRODUCT(--(calc!$L$3:$L$306=TRUE),--(calc!$N$3:$N$306>N13))+(SUMPRODUCT(--(calc!$L$3:$L$306=TRUE),--(calc!$N$3:$N$306=N13))-1)/2,"") | S13: =IF(L13,SUMPRODUCT(--(calc!$L$3:$L$306=TRUE),--(ROW(calc!$L$3:$L$306)>ROW(L13)),--(((calc!$Q$3:$Q$306>Q13)*(calc!$R$3:$R$306>R13)+(calc!$Q$3:$Q$306<Q13)*(calc!$R$3:$R$306<R13))>0))-SUMPRODUCT(--(calc!$L$3:$L$306=TRUE),--(ROW(calc!$L$3:$L$306)>ROW(L13)),--(((calc!$Q$3:$Q$306>Q13)*(calc!$R$3:$R$306<R13)+(calc!$Q$3:$Q$306<Q13)*(calc!$R$3:$R$306>R13))>0)),0) | T13: =IF(mos_metrics!H12="","",mos_metrics!H12) | U13: =AND($J13,ISNUMBER(T13),correlation!$I$27=1) | V13: =IF(U13,$F13,"") | W13: =IF(U13,T13*correlation!$J$27,"") | X13: =IF(AND(U13,ISNUMBER(correlation!$F$27)),W13*correlation!$F$27+correlation!$G$27,"") | Y13: =IF(AND(U13,ISNUMBER(X13)),(V13-X13)^2,"") | Z13: =IF(U13,1+SUMPRODUCT(--(calc!$U$3:$U$306=TRUE),--(calc!$V$3:$V$306>V13))+(SUMPRODUCT(--(calc!$U$3:$U$306=TRUE),--(calc!$V$3:$V$306=V13))-1)/2,"") | AA13: =IF(U13,1+SUMPRODUCT(--(calc!$U$3:$U$306=TRUE),--(calc!$W$3:$W$306>W13))+(SUMPRODUCT(--(calc!$U$3:$U$306=TRUE),--(calc!$W$3:$W$306=W13))-1)/2,"") | AB13: =IF(U13,SUMPRODUCT(--(calc!$U$3:$U$306=TRUE),--(ROW(calc!$U$3:$U$306)>ROW(U13)),--(((calc!$Z$3:$Z$306>Z13)*(calc!$AA$3:$AA$306>AA13)+(calc!$Z$3:$Z$306<Z13)*(calc!$AA$3:$AA$306<AA13))>0))-SUMPRODUCT(--(calc!$U$3:$U$306=TRUE),--(ROW(calc!$U$3:$U$306)>ROW(U13)),--(((calc!$Z$3:$Z$306>Z13)*(calc!$AA$3:$AA$306<AA13)+(calc!$Z$3:$Z$306<Z13)*(calc!$AA$3:$AA$306>AA13))>0)),0) | AC13: =IF(mos_metrics!I12="","",mos_metrics!I12) | AD13: =AND($J13,ISNUMBER(AC13),correlation!$I$28=1) | AE13: =IF(AD13,$F13,"") | AF13: =IF(AD13,AC13*correlation!$J$28,"") | AG13: =IF(AND(AD13,ISNUMBER(correlation!$F$28)),AF13*correlation!$F$28+correlation!$G$28,"") | AH13: =IF(AND(AD13,ISNUMBER(AG13)),(AE13-AG13)^2,"") | AI13: =IF(AD13,1+SUMPRODUCT(--(calc!$AD$3:$AD$306=TRUE),--(calc!$AE$3:$AE$306>AE13))+(SUMPRODUCT(--(calc!$AD$3:$AD$306=TRUE),--(calc!$AE$3:$AE$306=AE13))-1)/2,"") | AJ13: =IF(AD13,1+SUMPRODUCT(--(calc!$AD$3:$AD$306=TRUE),--(calc!$AF$3:$AF$306>AF13))+(SUMPRODUCT(--(calc!$AD$3:$AD$306=TRUE),--(calc!$AF$3:$AF$306=AF13))-1)/2,"") | AK13: =IF(AD13,SUMPRODUCT(--(calc!$AD$3:$AD$306=TRUE),--(ROW(calc!$AD$3:$AD$306)>ROW(AD13)),--(((calc!$AI$3:$AI$306>AI13)*(calc!$AJ$3:$AJ$306>AJ13)+(calc!$AI$3:$AI$306<AI13)*(calc!$AJ$3:$AJ$306<AJ13))>0))-SUMPRODUCT(--(calc!$AD$3:$AD$306=TRUE),--(ROW(calc!$AD$3:$AD$306)>ROW(AD13)),--(((calc!$AI$3:$AI$306>AI13)*(calc!$AJ$3:$AJ$306<AJ13)+(calc!$AI$3:$AI$306<AI13)*(calc!$AJ$3:$AJ$306>AJ13))>0)),0) | AL13: =IF(mos_metrics!J12="","",mos_metrics!J12) | AM13: =AND($J13,ISNUMBER(AL13),correlation!$I$29=1) | AN13: =IF(AM13,$F13,"") | AO13: =IF(AM13,AL13*correlation!$J$29,"") | AP13: =IF(AND(AM13,ISNUMBER(correlation!$F$29)),AO13*correlation!$F$29+correlation!$G$29,"") | AQ13: =IF(AND(AM13,ISNUMBER(AP13)),(AN13-AP13)^2,"") | AR13: =IF(AM13,1+SUMPRODUCT(--(calc!$AM$3:$AM$306=TRUE),--(calc!$AN$3:$AN$306>AN13))+(SUMPRODUCT(--(calc!$AM$3:$AM$306=TRUE),--(calc!$AN$3:$AN$306=AN13))-1)/2,"") | AS13: =IF(AM13,1+SUMPRODUCT(--(calc!$AM$3:$AM$306=TRUE),--(calc!$AO$3:$AO$306>AO13))+(SUMPRODUCT(--(calc!$AM$3:$AM$306=TRUE),--(calc!$AO$3:$AO$306=AO13))-1)/2,"") | AT13: =IF(AM13,SUMPRODUCT(--(calc!$AM$3:$AM$306=TRUE),--(ROW(calc!$AM$3:$AM$306)>ROW(AM13)),--(((calc!$AR$3:$AR$306>AR13)*(calc!$AS$3:$AS$306>AS13)+(calc!$AR$3:$AR$306<AR13)*(calc!$AS$3:$AS$306<AS13))>0))-SUMPRODUCT(--(calc!$AM$3:$AM$306=TRUE),--(ROW(calc!$AM$3:$AM$306)>ROW(AM13)),--(((calc!$AR$3:$AR$306>AR13)*(calc!$AS$3:$AS$306<AS13)+(calc!$AR$3:$AR$306<AR13)*(calc!$AS$3:$AS$306>AS13))>0)),0) | AU13: =IF(mos_metrics!K12="","",mos_metrics!K12) | AV13: =AND($J13,ISNUMBER(AU13),correlation!$I$30=1) | AW13: =IF(AV13,$F13,"") | AX13: =IF(AV13,AU13*correlation!$J$30,"") | AY13: =IF(AND(AV13,ISNUMBER(correlation!$F$30)),AX13*correlation!$F$30+correlation!$G$30,"") | AZ13: =IF(AND(AV13,ISNUMBER(AY13)),(AW13-AY13)^2,"") | BA13: =IF(AV13,1+SUMPRODUCT(--(calc!$AV$3:$AV$306=TRUE),--(calc!$AW$3:$AW$306>AW13))+(SUMPRODUCT(--(calc!$AV$3:$AV$306=TRUE),--(calc!$AW$3:$AW$306=AW13))-1)/2,"") | BB13: =IF(AV13,1+SUMPRODUCT(--(calc!$AV$3:$AV$306=TRUE),--(calc!$AX$3:$AX$306>AX13))+(SUMPRODUCT(--(calc!$AV$3:$AV$306=TRUE),--(calc!$AX$3:$AX$306=AX13))-1)/2,"") | BC13: =IF(AV13,SUMPRODUCT(--(calc!$AV$3:$AV$306=TRUE),--(ROW(calc!$AV$3:$AV$306)>ROW(AV13)),--(((calc!$BA$3:$BA$306>BA13)*(calc!$BB$3:$BB$306>BB13)+(calc!$BA$3:$BA$306<BA13)*(calc!$BB$3:$BB$306<BB13))>0))-SUMPRODUCT(--(calc!$AV$3:$AV$306=TRUE),--(ROW(calc!$AV$3:$AV$306)>ROW(AV13)),--(((calc!$BA$3:$BA$306>BA13)*(calc!$BB$3:$BB$306<BB13)+(calc!$BA$3:$BA$306<BA13)*(calc!$BB$3:$BB$306>BB13))>0)),0) | BD13: =IF(mos_metrics!L12="","",mos_metrics!L12) | BE13: =AND($J13,ISNUMBER(BD13),correlation!$I$31=1) | BF13: =IF(BE13,$F13,"") | BG13: =IF(BE13,BD13*correlation!$J$31,"") | BH13: =IF(AND(BE13,ISNUMBER(correlation!$F$31)),BG13*correlation!$F$31+correlation!$G$31,"") | BI13: =IF(AND(BE13,ISNUMBER(BH13)),(BF13-BH13)^2,"") | BJ13: =IF(BE13,1+SUMPRODUCT(--(calc!$BE$3:$BE$306=TRUE),--(calc!$BF$3:$BF$306>BF13))+(SUMPRODUCT(--(calc!$BE$3:$BE$306=TRUE),--(calc!$BF$3:$BF$306=BF13))-1)/2,"") | BK13: =IF(BE13,1+SUMPRODUCT(--(calc!$BE$3:$BE$306=TRUE),--(calc!$BG$3:$BG$306>BG13))+(SUMPRODUCT(--(calc!$BE$3:$BE$306=TRUE),--(calc!$BG$3:$BG$306=BG13))-1)/2,"") | BL13: =IF(BE13,SUMPRODUCT(--(calc!$BE$3:$BE$306=TRUE),--(ROW(calc!$BE$3:$BE$306)>ROW(BE13)),--(((calc!$BJ$3:$BJ$306>BJ13)*(calc!$BK$3:$BK$306>BK13)+(calc!$BJ$3:$BJ$306<BJ13)*(calc!$BK$3:$BK$306<BK13))>0))-SUMPRODUCT(--(calc!$BE$3:$BE$306=TRUE),--(ROW(calc!$BE$3:$BE$306)>ROW(BE13)),--(((calc!$BJ$3:$BJ$306>BJ13)*(calc!$BK$3:$BK$306<BK13)+(calc!$BJ$3:$BJ$306<BJ13)*(calc!$BK$3:$BK$306>BK13))>0)),0) | BM13: =IF(mos_metrics!M12="","",mos_metrics!M12) | BN13: =AND($J13,ISNUMBER(BM13),correlation!$I$32=1) | BO13: =IF(BN13,$F13,"") | BP13: =IF(BN13,BM13*correlation!$J$32,"") | BQ13: =IF(AND(BN13,ISNUMBER(correlation!$F$32)),BP13*correlation!$F$32+correlation!$G$32,"") | BR13: =IF(AND(BN13,ISNUMBER(BQ13)),(BO13-BQ13)^2,"") | BS13: =IF(BN13,1+SUMPRODUCT(--(calc!$BN$3:$BN$306=TRUE),--(calc!$BO$3:$BO$306>BO13))+(SUMPRODUCT(--(calc!$BN$3:$BN$306=TRUE),--(calc!$BO$3:$BO$306=BO13))-1)/2,"") | BT13: =IF(BN13,1+SUMPRODUCT(--(calc!$BN$3:$BN$306=TRUE),--(calc!$BP$3:$BP$306>BP13))+(SUMPRODUCT(--(calc!$BN$3:$BN$306=TRUE),--(calc!$BP$3:$BP$306=BP13))-1)/2,"") | BU13: =IF(BN13,SUMPRODUCT(--(calc!$BN$3:$BN$306=TRUE),--(ROW(calc!$BN$3:$BN$306)>ROW(BN13)),--(((calc!$BS$3:$BS$306>BS13)*(calc!$BT$3:$BT$306>BT13)+(calc!$BS$3:$BS$306<BS13)*(calc!$BT$3:$BT$306<BT13))>0))-SUMPRODUCT(--(calc!$BN$3:$BN$306=TRUE),--(ROW(calc!$BN$3:$BN$306)>ROW(BN13)),--(((calc!$BS$3:$BS$306>BS13)*(calc!$BT$3:$BT$306<BT13)+(calc!$BS$3:$BS$306<BS13)*(calc!$BT$3:$BT$306>BT13))>0)),0)
A14: =mos_metrics!A13 | B14: =mos_metrics!B13 | C14: =mos_metrics!C13 | D14: =mos_metrics!D13 | E14: =mos_metrics!E13 | F14: =mos_metrics!F13 | G14: =IF($B14="","",IFERROR(VLOOKUP($B14,correlation!$A$2:$B$16,2,FALSE),1)) | H14: =IF($E14="","",IFERROR(VLOOKUP($E14,correlation!$D$2:$E$8,2,FALSE),1)) | I14: =ISNUMBER($F14) | J14: =AND($G14=1,$H14=1,$I14) | K14: =IF(mos_metrics!G13="","",mos_metrics!G13) | L14: =AND($J14,ISNUMBER(K14),correlation!$I$26=1) | M14: =IF(L14,$F14,"") | N14: =IF(L14,K14*correlation!$J$26,"") | O14: =IF(AND(L14,ISNUMBER(correlation!$F$26)),N14*correlation!$F$26+correlation!$G$26,"") | P14: =IF(AND(L14,ISNUMBER(O14)),(M14-O14)^2,"") | Q14: =IF(L14,1+SUMPRODUCT(--(calc!$L$3:$L$306=TRUE),--(calc!$M$3:$M$306>M14))+(SUMPRODUCT(--(calc!$L$3:$L$306=TRUE),--(calc!$M$3:$M$306=M14))-1)/2,"") | R14: =IF(L14,1+SUMPRODUCT(--(calc!$L$3:$L$306=TRUE),--(calc!$N$3:$N$306>N14))+(SUMPRODUCT(--(calc!$L$3:$L$306=TRUE),--(calc!$N$3:$N$306=N14))-1)/2,"") | S14: =IF(L14,SUMPRODUCT(--(calc!$L$3:$L$306=TRUE),--(ROW(calc!$L$3:$L$306)>ROW(L14)),--(((calc!$Q$3:$Q$306>Q14)*(calc!$R$3:$R$306>R14)+(calc!$Q$3:$Q$306<Q14)*(calc!$R$3:$R$306<R14))>0))-SUMPRODUCT(--(calc!$L$3:$L$306=TRUE),--(ROW(calc!$L$3:$L$306)>ROW(L14)),--(((calc!$Q$3:$Q$306>Q14)*(calc!$R$3:$R$306<R14)+(calc!$Q$3:$Q$306<Q14)*(calc!$R$3:$R$306>R14))>0)),0) | T14: =IF(mos_metrics!H13="","",mos_metrics!H13) | U14: =AND($J14,ISNUMBER(T14),correlation!$I$27=1) | V14: =IF(U14,$F14,"") | W14: =IF(U14,T14*correlation!$J$27,"") | X14: =IF(AND(U14,ISNUMBER(correlation!$F$27)),W14*correlation!$F$27+correlation!$G$27,"") | Y14: =IF(AND(U14,ISNUMBER(X14)),(V14-X14)^2,"") | Z14: =IF(U14,1+SUMPRODUCT(--(calc!$U$3:$U$306=TRUE),--(calc!$V$3:$V$306>V14))+(SUMPRODUCT(--(calc!$U$3:$U$306=TRUE),--(calc!$V$3:$V$306=V14))-1)/2,"") | AA14: =IF(U14,1+SUMPRODUCT(--(calc!$U$3:$U$306=TRUE),--(calc!$W$3:$W$306>W14))+(SUMPRODUCT(--(calc!$U$3:$U$306=TRUE),--(calc!$W$3:$W$306=W14))-1)/2,"") | AB14: =IF(U14,SUMPRODUCT(--(calc!$U$3:$U$306=TRUE),--(ROW(calc!$U$3:$U$306)>ROW(U14)),--(((calc!$Z$3:$Z$306>Z14)*(calc!$AA$3:$AA$306>AA14)+(calc!$Z$3:$Z$306<Z14)*(calc!$AA$3:$AA$306<AA14))>0))-SUMPRODUCT(--(calc!$U$3:$U$306=TRUE),--(ROW(calc!$U$3:$U$306)>ROW(U14)),--(((calc!$Z$3:$Z$306>Z14)*(calc!$AA$3:$AA$306<AA14)+(calc!$Z$3:$Z$306<Z14)*(calc!$AA$3:$AA$306>AA14))>0)),0) | AC14: =IF(mos_metrics!I13="","",mos_metrics!I13) | AD14: =AND($J14,ISNUMBER(AC14),correlation!$I$28=1) | AE14: =IF(AD14,$F14,"") | AF14: =IF(AD14,AC14*correlation!$J$28,"") | AG14: =IF(AND(AD14,ISNUMBER(correlation!$F$28)),AF14*correlation!$F$28+correlation!$G$28,"") | AH14: =IF(AND(AD14,ISNUMBER(AG14)),(AE14-AG14)^2,"") | AI14: =IF(AD14,1+SUMPRODUCT(--(calc!$AD$3:$AD$306=TRUE),--(calc!$AE$3:$AE$306>AE14))+(SUMPRODUCT(--(calc!$AD$3:$AD$306=TRUE),--(calc!$AE$3:$AE$306=AE14))-1)/2,"") | AJ14: =IF(AD14,1+SUMPRODUCT(--(calc!$AD$3:$AD$306=TRUE),--(calc!$AF$3:$AF$306>AF14))+(SUMPRODUCT(--(calc!$AD$3:$AD$306=TRUE),--(calc!$AF$3:$AF$306=AF14))-1)/2,"") | AK14: =IF(AD14,SUMPRODUCT(--(calc!$AD$3:$AD$306=TRUE),--(ROW(calc!$AD$3:$AD$306)>ROW(AD14)),--(((calc!$AI$3:$AI$306>AI14)*(calc!$AJ$3:$AJ$306>AJ14)+(calc!$AI$3:$AI$306<AI14)*(calc!$AJ$3:$AJ$306<AJ14))>0))-SUMPRODUCT(--(calc!$AD$3:$AD$306=TRUE),--(ROW(calc!$AD$3:$AD$306)>ROW(AD14)),--(((calc!$AI$3:$AI$306>AI14)*(calc!$AJ$3:$AJ$306<AJ14)+(calc!$AI$3:$AI$306<AI14)*(calc!$AJ$3:$AJ$306>AJ14))>0)),0) | AL14: =IF(mos_metrics!J13="","",mos_metrics!J13) | AM14: =AND($J14,ISNUMBER(AL14),correlation!$I$29=1) | AN14: =IF(AM14,$F14,"") | AO14: =IF(AM14,AL14*correlation!$J$29,"") | AP14: =IF(AND(AM14,ISNUMBER(correlation!$F$29)),AO14*correlation!$F$29+correlation!$G$29,"") | AQ14: =IF(AND(AM14,ISNUMBER(AP14)),(AN14-AP14)^2,"") | AR14: =IF(AM14,1+SUMPRODUCT(--(calc!$AM$3:$AM$306=TRUE),--(calc!$AN$3:$AN$306>AN14))+(SUMPRODUCT(--(calc!$AM$3:$AM$306=TRUE),--(calc!$AN$3:$AN$306=AN14))-1)/2,"") | AS14: =IF(AM14,1+SUMPRODUCT(--(calc!$AM$3:$AM$306=TRUE),--(calc!$AO$3:$AO$306>AO14))+(SUMPRODUCT(--(calc!$AM$3:$AM$306=TRUE),--(calc!$AO$3:$AO$306=AO14))-1)/2,"") | AT14: =IF(AM14,SUMPRODUCT(--(calc!$AM$3:$AM$306=TRUE),--(ROW(calc!$AM$3:$AM$306)>ROW(AM14)),--(((calc!$AR$3:$AR$306>AR14)*(calc!$AS$3:$AS$306>AS14)+(calc!$AR$3:$AR$306<AR14)*(calc!$AS$3:$AS$306<AS14))>0))-SUMPRODUCT(--(calc!$AM$3:$AM$306=TRUE),--(ROW(calc!$AM$3:$AM$306)>ROW(AM14)),--(((calc!$AR$3:$AR$306>AR14)*(calc!$AS$3:$AS$306<AS14)+(calc!$AR$3:$AR$306<AR14)*(calc!$AS$3:$AS$306>AS14))>0)),0) | AU14: =IF(mos_metrics!K13="","",mos_metrics!K13) | AV14: =AND($J14,ISNUMBER(AU14),correlation!$I$30=1) | AW14: =IF(AV14,$F14,"") | AX14: =IF(AV14,AU14*correlation!$J$30,"") | AY14: =IF(AND(AV14,ISNUMBER(correlation!$F$30)),AX14*correlation!$F$30+correlation!$G$30,"") | AZ14: =IF(AND(AV14,ISNUMBER(AY14)),(AW14-AY14)^2,"") | BA14: =IF(AV14,1+SUMPRODUCT(--(calc!$AV$3:$AV$306=TRUE),--(calc!$AW$3:$AW$306>AW14))+(SUMPRODUCT(--(calc!$AV$3:$AV$306=TRUE),--(calc!$AW$3:$AW$306=AW14))-1)/2,"") | BB14: =IF(AV14,1+SUMPRODUCT(--(calc!$AV$3:$AV$306=TRUE),--(calc!$AX$3:$AX$306>AX14))+(SUMPRODUCT(--(calc!$AV$3:$AV$306=TRUE),--(calc!$AX$3:$AX$306=AX14))-1)/2,"") | BC14: =IF(AV14,SUMPRODUCT(--(calc!$AV$3:$AV$306=TRUE),--(ROW(calc!$AV$3:$AV$306)>ROW(AV14)),--(((calc!$BA$3:$BA$306>BA14)*(calc!$BB$3:$BB$306>BB14)+(calc!$BA$3:$BA$306<BA14)*(calc!$BB$3:$BB$306<BB14))>0))-SUMPRODUCT(--(calc!$AV$3:$AV$306=TRUE),--(ROW(calc!$AV$3:$AV$306)>ROW(AV14)),--(((calc!$BA$3:$BA$306>BA14)*(calc!$BB$3:$BB$306<BB14)+(calc!$BA$3:$BA$306<BA14)*(calc!$BB$3:$BB$306>BB14))>0)),0) | BD14: =IF(mos_metrics!L13="","",mos_metrics!L13) | BE14: =AND($J14,ISNUMBER(BD14),correlation!$I$31=1) | BF14: =IF(BE14,$F14,"") | BG14: =IF(BE14,BD14*correlation!$J$31,"") | BH14: =IF(AND(BE14,ISNUMBER(correlation!$F$31)),BG14*correlation!$F$31+correlation!$G$31,"") | BI14: =IF(AND(BE14,ISNUMBER(BH14)),(BF14-BH14)^2,"") | BJ14: =IF(BE14,1+SUMPRODUCT(--(calc!$BE$3:$BE$306=TRUE),--(calc!$BF$3:$BF$306>BF14))+(SUMPRODUCT(--(calc!$BE$3:$BE$306=TRUE),--(calc!$BF$3:$BF$306=BF14))-1)/2,"") | BK14: =IF(BE14,1+SUMPRODUCT(--(calc!$BE$3:$BE$306=TRUE),--(calc!$BG$3:$BG$306>BG14))+(SUMPRODUCT(--(calc!$BE$3:$BE$306=TRUE),--(calc!$BG$3:$BG$306=BG14))-1)/2,"") | BL14: =IF(BE14,SUMPRODUCT(--(calc!$BE$3:$BE$306=TRUE),--(ROW(calc!$BE$3:$BE$306)>ROW(BE14)),--(((calc!$BJ$3:$BJ$306>BJ14)*(calc!$BK$3:$BK$306>BK14)+(calc!$BJ$3:$BJ$306<BJ14)*(calc!$BK$3:$BK$306<BK14))>0))-SUMPRODUCT(--(calc!$BE$3:$BE$306=TRUE),--(ROW(calc!$BE$3:$BE$306)>ROW(BE14)),--(((calc!$BJ$3:$BJ$306>BJ14)*(calc!$BK$3:$BK$306<BK14)+(calc!$BJ$3:$BJ$306<BJ14)*(calc!$BK$3:$BK$306>BK14))>0)),0) | BM14: =IF(mos_metrics!M13="","",mos_metrics!M13) | BN14: =AND($J14,ISNUMBER(BM14),correlation!$I$32=1) | BO14: =IF(BN14,$F14,"") | BP14: =IF(BN14,BM14*correlation!$J$32,"") | BQ14: =IF(AND(BN14,ISNUMBER(correlation!$F$32)),BP14*correlation!$F$32+correlation!$G$32,"") | BR14: =IF(AND(BN14,ISNUMBER(BQ14)),(BO14-BQ14)^2,"") | BS14: =IF(BN14,1+SUMPRODUCT(--(calc!$BN$3:$BN$306=TRUE),--(calc!$BO$3:$BO$306>BO14))+(SUMPRODUCT(--(calc!$BN$3:$BN$306=TRUE),--(calc!$BO$3:$BO$306=BO14))-1)/2,"") | BT14: =IF(BN14,1+SUMPRODUCT(--(calc!$BN$3:$BN$306=TRUE),--(calc!$BP$3:$BP$306>BP14))+(SUMPRODUCT(--(calc!$BN$3:$BN$306=TRUE),--(calc!$BP$3:$BP$306=BP14))-1)/2,"") | BU14: =IF(BN14,SUMPRODUCT(--(calc!$BN$3:$BN$306=TRUE),--(ROW(calc!$BN$3:$BN$306)>ROW(BN14)),--(((calc!$BS$3:$BS$306>BS14)*(calc!$BT$3:$BT$306>BT14)+(calc!$BS$3:$BS$306<BS14)*(calc!$BT$3:$BT$306<BT14))>0))-SUMPRODUCT(--(calc!$BN$3:$BN$306=TRUE),--(ROW(calc!$BN$3:$BN$306)>ROW(BN14)),--(((calc!$BS$3:$BS$306>BS14)*(calc!$BT$3:$BT$306<BT14)+(calc!$BS$3:$BS$306<BS14)*(calc!$BT$3:$BT$306>BT14))>0)),0)
... A307: =mos_metrics!A306 | B307: =mos_metrics!B306 | C307: =mos_metrics!C306 | D307: =mos_metrics!D306 | E307: =mos_metrics!E306 | F307: =mos_metrics!F306 | G307: =IF($B307="","",IFERROR(VLOOKUP($B307,correlation!$A$2:$B$16,2,FALSE),1)) | H307: =IF($E307="","",IFERROR(VLOOKUP($E307,correlation!$D$2:$E$8,2,FALSE),1)) | I307: =ISNUMBER($F307) | J307: =AND($G307=1,$H307=1,$I307) | K307: =IF(mos_metrics!G306="","",mos_metrics!G306) | L307: =AND($J307,ISNUMBER(K307),correlation!$I$26=1) | M307: =IF(L307,$F307,"") | N307: =IF(L307,K307*correlation!$J$26,"") | O307: =IF(AND(L307,ISNUMBER(correlation!$F$26)),N307*correlation!$F$26+correlation!$G$26,"") | P307: =IF(AND(L307,ISNUMBER(O307)),(M307-O307)^2,"") | Q307: =IF(L307,1+SUMPRODUCT(--(calc!$L$3:$L$306=TRUE),--(calc!$M$3:$M$306>M307))+(SUMPRODUCT(--(calc!$L$3:$L$306=TRUE),--(calc!$M$3:$M$306=M307))-1)/2,"") | R307: =IF(L307,1+SUMPRODUCT(--(calc!$L$3:$L$306=TRUE),--(calc!$N$3:$N$306>N307))+(SUMPRODUCT(--(calc!$L$3:$L$306=TRUE),--(calc!$N$3:$N$306=N307))-1)/2,"") | S307: =IF(L307,SUMPRODUCT(--(calc!$L$3:$L$306=TRUE),--(ROW(calc!$L$3:$L$306)>ROW(L307)),--(((calc!$Q$3:$Q$306>Q307)*(calc!$R$3:$R$306>R307)+(calc!$Q$3:$Q$306<Q307)*(calc!$R$3:$R$306<R307))>0))-SUMPRODUCT(--(calc!$L$3:$L$306=TRUE),--(ROW(calc!$L$3:$L$306)>ROW(L307)),--(((calc!$Q$3:$Q$306>Q307)*(calc!$R$3:$R$306<R307)+(calc!$Q$3:$Q$306<Q307)*(calc!$R$3:$R$306>R307))>0)),0) | T307: =IF(mos_metrics!H306="","",mos_metrics!H306) | U307: =AND($J307,ISNUMBER(T307),correlation!$I$27=1) | V307: =IF(U307,$F307,"") | W307: =IF(U307,T307*correlation!$J$27,"") | X307: =IF(AND(U307,ISNUMBER(correlation!$F$27)),W307*correlation!$F$27+correlation!$G$27,"") | Y307: =IF(AND(U307,ISNUMBER(X307)),(V307-X307)^2,"") | Z307: =IF(U307,1+SUMPRODUCT(--(calc!$U$3:$U$306=TRUE),--(calc!$V$3:$V$306>V307))+(SUMPRODUCT(--(calc!$U$3:$U$306=TRUE),--(calc!$V$3:$V$306=V307))-1)/2,"") | AA307: =IF(U307,1+SUMPRODUCT(--(calc!$U$3:$U$306=TRUE),--(calc!$W$3:$W$306>W307))+(SUMPRODUCT(--(calc!$U$3:$U$306=TRUE),--(calc!$W$3:$W$306=W307))-1)/2,"") | AB307: =IF(U307,SUMPRODUCT(--(calc!$U$3:$U$306=TRUE),--(ROW(calc!$U$3:$U$306)>ROW(U307)),--(((calc!$Z$3:$Z$306>Z307)*(calc!$AA$3:$AA$306>AA307)+(calc!$Z$3:$Z$306<Z307)*(calc!$AA$3:$AA$306<AA307))>0))-SUMPRODUCT(--(calc!$U$3:$U$306=TRUE),--(ROW(calc!$U$3:$U$306)>ROW(U307)),--(((calc!$Z$3:$Z$306>Z307)*(calc!$AA$3:$AA$306<AA307)+(calc!$Z$3:$Z$306<Z307)*(calc!$AA$3:$AA$306>AA307))>0)),0) | AC307: =IF(mos_metrics!I306="","",mos_metrics!I306) | AD307: =AND($J307,ISNUMBER(AC307),correlation!$I$28=1) | AE307: =IF(AD307,$F307,"") | AF307: =IF(AD307,AC307*correlation!$J$28,"") | AG307: =IF(AND(AD307,ISNUMBER(correlation!$F$28)),AF307*correlation!$F$28+correlation!$G$28,"") | AH307: =IF(AND(AD307,ISNUMBER(AG307)),(AE307-AG307)^2,"") | AI307: =IF(AD307,1+SUMPRODUCT(--(calc!$AD$3:$AD$306=TRUE),--(calc!$AE$3:$AE$306>AE307))+(SUMPRODUCT(--(calc!$AD$3:$AD$306=TRUE),--(calc!$AE$3:$AE$306=AE307))-1)/2,"") | AJ307: =IF(AD307,1+SUMPRODUCT(--(calc!$AD$3:$AD$306=TRUE),--(calc!$AF$3:$AF$306>AF307))+(SUMPRODUCT(--(calc!$AD$3:$AD$306=TRUE),--(calc!$AF$3:$AF$306=AF307))-1)/2,"") | AK307: =IF(AD307,SUMPRODUCT(--(calc!$AD$3:$AD$306=TRUE),--(ROW(calc!$AD$3:$AD$306)>ROW(AD307)),--(((calc!$AI$3:$AI$306>AI307)*(calc!$AJ$3:$AJ$306>AJ307)+(calc!$AI$3:$AI$306<AI307)*(calc!$AJ$3:$AJ$306<AJ307))>0))-SUMPRODUCT(--(calc!$AD$3:$AD$306=TRUE),--(ROW(calc!$AD$3:$AD$306)>ROW(AD307)),--(((calc!$AI$3:$AI$306>AI307)*(calc!$AJ$3:$AJ$306<AJ307)+(calc!$AI$3:$AI$306<AI307)*(calc!$AJ$3:$AJ$306>AJ307))>0)),0) | AL307: =IF(mos_metrics!J306="","",mos_metrics!J306) | AM307: =AND($J307,ISNUMBER(AL307),correlation!$I$29=1) | AN307: =IF(AM307,$F307,"") | AO307: =IF(AM307,AL307*correlation!$J$29,"") | AP307: =IF(AND(AM307,ISNUMBER(correlation!$F$29)),AO307*correlation!$F$29+correlation!$G$29,"") | AQ307: =IF(AND(AM307,ISNUMBER(AP307)),(AN307-AP307)^2,"") | AR307: =IF(AM307,1+SUMPRODUCT(--(calc!$AM$3:$AM$306=TRUE),--(calc!$AN$3:$AN$306>AN307))+(SUMPRODUCT(--(calc!$AM$3:$AM$306=TRUE),--(calc!$AN$3:$AN$306=AN307))-1)/2,"") | AS307: =IF(AM307,1+SUMPRODUCT(--(calc!$AM$3:$AM$306=TRUE),--(calc!$AO$3:$AO$306>AO307))+(SUMPRODUCT(--(calc!$AM$3:$AM$306=TRUE),--(calc!$AO$3:$AO$306=AO307))-1)/2,"") | AT307: =IF(AM307,SUMPRODUCT(--(calc!$AM$3:$AM$306=TRUE),--(ROW(calc!$AM$3:$AM$306)>ROW(AM307)),--(((calc!$AR$3:$AR$306>AR307)*(calc!$AS$3:$AS$306>AS307)+(calc!$AR$3:$AR$306<AR307)*(calc!$AS$3:$AS$306<AS307))>0))-SUMPRODUCT(--(calc!$AM$3:$AM$306=TRUE),--(ROW(calc!$AM$3:$AM$306)>ROW(AM307)),--(((calc!$AR$3:$AR$306>AR307)*(calc!$AS$3:$AS$306<AS307)+(calc!$AR$3:$AR$306<AR307)*(calc!$AS$3:$AS$306>AS307))>0)),0) | AU307: =IF(mos_metrics!K306="","",mos_metrics!K306) | AV307: =AND($J307,ISNUMBER(AU307),correlation!$I$30=1) | AW307: =IF(AV307,$F307,"") | AX307: =IF(AV307,AU307*correlation!$J$30,"") | AY307: =IF(AND(AV307,ISNUMBER(correlation!$F$30)),AX307*correlation!$F$30+correlation!$G$30,"") | AZ307: =IF(AND(AV307,ISNUMBER(AY307)),(AW307-AY307)^2,"") | BA307: =IF(AV307,1+SUMPRODUCT(--(calc!$AV$3:$AV$306=TRUE),--(calc!$AW$3:$AW$306>AW307))+(SUMPRODUCT(--(calc!$AV$3:$AV$306=TRUE),--(calc!$AW$3:$AW$306=AW307))-1)/2,"") | BB307: =IF(AV307,1+SUMPRODUCT(--(calc!$AV$3:$AV$306=TRUE),--(calc!$AX$3:$AX$306>AX307))+(SUMPRODUCT(--(calc!$AV$3:$AV$306=TRUE),--(calc!$AX$3:$AX$306=AX307))-1)/2,"") | BC307: =IF(AV307,SUMPRODUCT(--(calc!$AV$3:$AV$306=TRUE),--(ROW(calc!$AV$3:$AV$306)>ROW(AV307)),--(((calc!$BA$3:$BA$306>BA307)*(calc!$BB$3:$BB$306>BB307)+(calc!$BA$3:$BA$306<BA307)*(calc!$BB$3:$BB$306<BB307))>0))-SUMPRODUCT(--(calc!$AV$3:$AV$306=TRUE),--(ROW(calc!$AV$3:$AV$306)>ROW(AV307)),--(((calc!$BA$3:$BA$306>BA307)*(calc!$BB$3:$BB$306<BB307)+(calc!$BA$3:$BA$306<BA307)*(calc!$BB$3:$BB$306>BB307))>0)),0) | BD307: =IF(mos_metrics!L306="","",mos_metrics!L306) | BE307: =AND($J307,ISNUMBER(BD307),correlation!$I$31=1) | BF307: =IF(BE307,$F307,"") | BG307: =IF(BE307,BD307*correlation!$J$31,"") | BH307: =IF(AND(BE307,ISNUMBER(correlation!$F$31)),BG307*correlation!$F$31+correlation!$G$31,"") | BI307: =IF(AND(BE307,ISNUMBER(BH307)),(BF307-BH307)^2,"") | BJ307: =IF(BE307,1+SUMPRODUCT(--(calc!$BE$3:$BE$306=TRUE),--(calc!$BF$3:$BF$306>BF307))+(SUMPRODUCT(--(calc!$BE$3:$BE$306=TRUE),--(calc!$BF$3:$BF$306=BF307))-1)/2,"") | BK307: =IF(BE307,1+SUMPRODUCT(--(calc!$BE$3:$BE$306=TRUE),--(calc!$BG$3:$BG$306>BG307))+(SUMPRODUCT(--(calc!$BE$3:$BE$306=TRUE),--(calc!$BG$3:$BG$306=BG307))-1)/2,"") | BL307: =IF(BE307,SUMPRODUCT(--(calc!$BE$3:$BE$306=TRUE),--(ROW(calc!$BE$3:$BE$306)>ROW(BE307)),--(((calc!$BJ$3:$BJ$306>BJ307)*(calc!$BK$3:$BK$306>BK307)+(calc!$BJ$3:$BJ$306<BJ307)*(calc!$BK$3:$BK$306<BK307))>0))-SUMPRODUCT(--(calc!$BE$3:$BE$306=TRUE),--(ROW(calc!$BE$3:$BE$306)>ROW(BE307)),--(((calc!$BJ$3:$BJ$306>BJ307)*(calc!$BK$3:$BK$306<BK307)+(calc!$BJ$3:$BJ$306<BJ307)*(calc!$BK$3:$BK$306>BK307))>0)),0) | BM307: =IF(mos_metrics!M306="","",mos_metrics!M306) | BN307: =AND($J307,ISNUMBER(BM307),correlation!$I$32=1) | BO307: =IF(BN307,$F307,"") | BP307: =IF(BN307,BM307*correlation!$J$32,"") | BQ307: =IF(AND(BN307,ISNUMBER(correlation!$F$32)),BP307*correlation!$F$32+correlation!$G$32,"") | BR307: =IF(AND(BN307,ISNUMBER(BQ307)),(BO307-BQ307)^2,"") | BS307: =IF(BN307,1+SUMPRODUCT(--(calc!$BN$3:$BN$306=TRUE),--(calc!$BO$3:$BO$306>BO307))+(SUMPRODUCT(--(calc!$BN$3:$BN$306=TRUE),--(calc!$BO$3:$BO$306=BO307))-1)/2,"") | BT307: =IF(BN307,1+SUMPRODUCT(--(calc!$BN$3:$BN$306=TRUE),--(calc!$BP$3:$BP$306>BP307))+(SUMPRODUCT(--(calc!$BN$3:$BN$306=TRUE),--(calc!$BP$3:$BP$306=BP307))-1)/2,"") | BU307: =IF(BN307,SUMPRODUCT(--(calc!$BN$3:$BN$306=TRUE),--(ROW(calc!$BN$3:$BN$306)>ROW(BN307)),--(((calc!$BS$3:$BS$306>BS307)*(calc!$BT$3:$BT$306>BT307)+(calc!$BS$3:$BS$306<BS307)*(calc!$BT$3:$BT$306<BT307))>0))-SUMPRODUCT(--(calc!$BN$3:$BN$306=TRUE),--(ROW(calc!$BN$3:$BN$306)>ROW(BN307)),--(((calc!$BS$3:$BS$306>BS307)*(calc!$BT$3:$BT$306<BT307)+(calc!$BS$3:$BS$306<BS307)*(calc!$BT$3:$BT$306>BT307))>0)),0)

Sheet mos_metrics
A1: KEY | B1: ref_name | C1: dis_name | D1: trc | E1: codec | F1: MOS | G1: PSNR_avg | H1: ColorVideoVDP | I1: VMAF | J1: WTPSNR | K1: DeltaE | L1: PSNR_L0100 | M1: FDIM
A2: Buildings2.mp4|Buildings2_AVS3_QP40.mp4|HLG|AVS | B2: Buildings2.mp4 | C2: Buildings2_AVS3_QP40.mp4 | D2: HLG | E2: AVS | F2: 4.4960464 | G2: 43.858879 | H2: 9.096529 | I2: 91.045407 | J2: 132.696 | K2: 25.961 | L2: 27.233 | M2: 4.3236464
A3: Buildings2.mp4|Buildings2_AVS3_QP44.mp4|HLG|AVS | B3: Buildings2.mp4 | C3: Buildings2_AVS3_QP44.mp4 | D3: HLG | E3: AVS | F3: 4.4016153 | G3: 42.821227 | H3: 8.7087193 | I3: 88.194707 | J3: 129.466 | K3: 25.41 | L3: 26.59 | M3: 4.0757787
A4: Buildings2.mp4|Buildings2_AVS3_QP48.mp4|HLG|AVS | B4: Buildings2.mp4 | C4: Buildings2_AVS3_QP48.mp4 | D4: HLG | E4: AVS | F4: 4.0021576 | G4: 41.837196 | H4: 8.1883917 | I4: 84.297169 | J4: 126.38 | K4: 24.869 | L4: 25.882 | M4: 3.7408525
A5: Buildings2.mp4|Buildings2_DCVC-RT_QP0.mp4|HLG|DCVC-RT | B5: Buildings2.mp4 | C5: Buildings2_DCVC-RT_QP0.mp4 | D5: HLG | E5: DCVC-RT | F5: 1.914827 | G5: 39.014969 | H5: 6.5513697 | I5: 69.51295 | J5: 117.192 | K5: 23.321 | L5: 23.862 | M5: 2.6815196
A6: Buildings2.mp4|Buildings2_DCVC-RT_QP10.mp4|HLG|DCVC-RT | B6: Buildings2.mp4 | C6: Buildings2_DCVC-RT_QP10.mp4 | D6: HLG | E6: DCVC-RT | F6: 3.453114 | G6: 41.751657 | H6: 7.9077754 | I6: 80.893465 | J6: 126.061 | K6: 24.785 | L6: 25.46 | M6: 3.5501332
A7: Buildings2.mp4|Buildings2_DCVC-RT_QP21.mp4|HLG|DCVC-RT | B7: Buildings2.mp4 | C7: Buildings2_DCVC-RT_QP21.mp4 | D7: HLG | E7: DCVC-RT | F7: 3.5307256 | G7: 43.087609 | H7: 8.5097837 | I7: 85.242065 | J7: 130.162 | K7: 25.498 | L7: 26.245 | M7: 3.9078159
A8: Buildings2.mp4|Buildings2_DCVC-RT_QP42.mp4|HLG|DCVC-RT | B8: Buildings2.mp4 | C8: Buildings2_DCVC-RT_QP42.mp4 | D8: HLG | E8: DCVC-RT | F8: 4.4641893 | G8: 45.439723 | H8: 9.331111 | I8: 92.569858 | J8: 137.509 | K8: 26.749 | L8: 27.703 | M8: 4.4267491
A9: Buildings2.mp4|Buildings2_EEM_QP0.mp4|HLG|EEM | B9: Buildings2.mp4 | C9: Buildings2_EEM_QP0.mp4 | D9: HLG | E9: EEM | F9: 4.0623781 | G9: 45.379253 | H9: 9.4870682 | I9: 94.221663 | J9: 136.558 | K9: 26.475 | L9: 27.717 | M9: 4.4995416
A10: Buildings2.mp4|Buildings2_EEM_QP1.mp4|HLG|EEM | B10: Buildings2.mp4 | C10: Buildings2_EEM_QP1.mp4 | D10: HLG | E10: EEM | F10: 3.5207914 | G10: 43.142963 | H10: 9.0969582 | I10: 90.699097 | J10: 129.969 | K10: 25.707 | L10: 26.875 | M10: 4.2963727
A11: Buildings2.mp4|Buildings2_EEM_QP2.mp4|HLG|EEM | B11: Buildings2.mp4 | C11: Buildings2_EEM_QP2.mp4 | D11: HLG | E11: EEM | F11: 3.1376209 | G11: 42.303602 | H11: 8.7776279 | I11: 88.506851 | J11: 127.126 | K11: 25.176 | L11: 26.372 | M11: 4.0854424
A12: Buildings2.mp4|Buildings2_EEM_QP3.mp4|HLG|EEM | B12: Buildings2.mp4 | C12: Buildings2_EEM_QP3.mp4 | D12: HLG | E12: EEM | F12: 1.5412603 | G12: 40.005582 | H12: 7.6204443 | I12: 79.122661 | J12: 119.486 | K12: 23.64 | L12: 24.792 | M12: 3.3057626
A13: Buildings2.mp4|Buildings2_LTM_QP21_2910.mp4|HLG|LTM | B13: Buildings2.mp4 | C13: Buildings2_LTM_QP21_2910.mp4 | D13: HLG | E13: LTM | F13: 4.613362 | G13: 45.31473 | H13: 9.5169563 | I13: 95.748934 | J13: 136.825 | K13: 26.752 | L13: 27.775 | M13: 4.4837571
... A306: TeaStall.mp4|TeaStall_VTM_QP47.mp4|HLG|VTM | B306: TeaStall.mp4 | C306: TeaStall_VTM_QP47.mp4 | D306: HLG | E306: VTM | F306: 2.4191618 | G306: 39.085416 | H306: 7.4917045 | I306: 72.921652 | J306: 114.365 | K306: 23.068 | L306: 24.307 | M306: 2.6718425

Sheet README
A1: MOS-objective metric correlation workbook v0.2 (6 baseline FR operators)
A2: 用于HDR-VQA验证集，共 305 行视频、6 列客观模型（PSNR、ColorVideoVDP、VMAF、wPSNR、DeltaE、PSNRL100）。
A4: 用法 | B4: 将模型预测分数贴进Sheet "mos_metrics"的对应列里, 则Sheet "correlation"会自动计算该模型分数列与MOS列的相关性
B5: Sheet "calc" 是用于计算的中间结果表，无需修改
A7: 表格计算方式 | B7: Sheet "correlation"中的ref_name和codec控制用于选择使用哪些源序列和编码器对应的视频序列参与相关性计算，将其值设为1则代表参与计算，全为1则代表使用全部序列计算
B8: PLCC 和 RMSE计算前仅做一次线性拟合， Slope和Intercept是拟合参数。
B9: Direction列代表客观模型分数与MOS分数的方向是否一致，值为1代表分数越大质量越好（与MOS含义一致），值为-1则相反（DeltaE为-1）。
A11: 包含的模型列: | B11: PSNR_avg, ColorVideoVDP, VMAF, WTPSNR, DeltaE, PSNR_L0100
